run_id,4593,4594,4595,4596,4597,4598,4599,4600,4601,4602,4603,4604,total
9641,6725.0,6631.0,6736.0,6714.0,6705.0,10767.0,11153.0,26933.0,27308.0,27067.0,11758.0,27097.0,175594.0
9643,7577.0,7988.0,7835.0,7932.0,8061.0,12434.0,12723.0,30383.0,31412.0,30088.0,13509.0,30515.0,200457.0
9644,7693.0,7905.0,7812.0,8023.0,7579.0,12033.0,12735.0,30323.0,30867.0,30787.0,13320.0,30176.0,199253.0
9647,6792.0,6641.0,6751.0,6733.0,6718.0,10861.0,11272.0,26945.0,27298.0,27032.0,11709.0,27123.0,175875.0
10721,6767.0,6604.0,6728.0,6660.0,6705.0,10810.0,11184.0,26976.0,27269.0,27055.0,11739.0,27110.0,175607.0
10730,6798.0,6633.0,6742.0,6800.0,6765.0,10803.0,11153.0,26978.0,27300.0,27088.0,11721.0,27190.0,175971.0
10735,6733.0,6616.0,6727.0,6744.0,6757.0,10738.0,11155.0,26956.0,27259.0,27023.0,11727.0,27080.0,175515.0
10796,6774.0,6632.0,6755.0,6711.0,6751.0,10762.0,11283.0,26972.0,27281.0,27013.0,11721.0,27163.0,175818.0
10834,6782.0,6571.0,6747.0,6745.0,6685.0,10767.0,11164.0,26947.0,27233.0,27008.0,11715.0,27125.0,175489.0
10835,7599.0,7520.0,7735.0,7483.0,7584.0,11939.0,11809.0,29712.0,30660.0,30070.0,12935.0,29953.0,194999.0
10839,7858.0,7595.0,7363.0,7844.0,7531.0,12422.0,12044.0,29715.0,30328.0,29760.0,12977.0,29723.0,195160.0
10842,7801.0,7799.0,7624.0,7726.0,7705.0,12344.0,11946.0,29523.0,29751.0,29901.0,13439.0,29371.0,194930.0
10844,6768.0,6617.0,6743.0,6675.0,6710.0,10804.0,11168.0,26923.0,27298.0,27012.0,11724.0,27106.0,175548.0
10845,6802.0,6606.0,6671.0,6729.0,6685.0,10751.0,11141.0,26938.0,27272.0,27021.0,11722.0,27080.0,175418.0
10847,6782.0,6621.0,6715.0,6687.0,6709.0,10732.0,11141.0,26935.0,27271.0,27030.0,11695.0,27086.0,175404.0
10848,6753.0,6667.0,6692.0,6652.0,6677.0,10804.0,11177.0,26969.0,27252.0,27006.0,11768.0,27167.0,175584.0
10849,6760.0,6588.0,6747.0,6704.0,6716.0,10759.0,11150.0,26984.0,27273.0,27054.0,11764.0,27130.0,175629.0
10852,6818.0,6623.0,6719.0,6708.0,6726.0,10795.0,11187.0,26940.0,27267.0,27031.0,11753.0,27102.0,175669.0
10853,6761.0,6589.0,6755.0,6723.0,6722.0,10770.0,11141.0,26923.0,27265.0,27044.0,11739.0,27093.0,175525.0
10892,6718.0,6561.0,6671.0,6733.0,6685.0,10750.0,11166.0,27064.0,27233.0,27001.0,11676.0,27080.0,175338.0
10893,6748.0,6561.0,6671.0,6636.0,6685.0,10750.0,11141.0,26902.0,27278.0,27001.0,11725.0,27080.0,175178.0
10894,6799.0,6658.0,6671.0,6758.0,6806.0,10750.0,11141.0,26923.0,27233.0,27085.0,11758.0,27150.0,175732.0
10895,6818.0,6683.0,6671.0,6636.0,6758.0,10813.0,11141.0,26984.0,27233.0,27001.0,11788.0,27080.0,175606.0
10912,6769.0,6639.0,6712.0,6707.0,6740.0,10816.0,11211.0,26902.0,27304.0,27036.0,11745.0,27133.0,175714.0
10982,6806.0,6588.0,6725.0,6678.0,6759.0,10757.0,11160.0,26991.0,27288.0,27019.0,11950.0,27114.0,175835.0
10983,7737.0,7754.0,7797.0,7887.0,8207.0,12455.0,12549.0,30411.0,30766.0,30650.0,13223.0,30613.0,200049.0
10984,6718.0,7598.0,8095.0,6636.0,6679.0,11741.0,11396.0,26902.0,27282.0,27100.0,11798.0,27080.0,179025.0
10989,6788.0,6611.0,6697.0,6660.0,6725.0,10790.0,11141.0,26979.0,27292.0,27024.0,11719.0,27080.0,175506.0
11018,6758.0,6615.0,6706.0,6721.0,6714.0,10771.0,11174.0,26941.0,27255.0,27041.0,11724.0,27106.0,175526.0
11021,6734.0,6581.0,6693.0,6777.0,6727.0,10742.0,11141.0,26902.0,27264.0,27055.0,11731.0,27125.0,175472.0
11023,6718.0,6571.0,6740.0,6638.0,6682.0,10770.0,11177.0,26907.0,27303.0,27038.0,11711.0,27146.0,175401.0
11068,7840.0,7591.0,7755.0,7885.0,7729.0,12796.0,12556.0,30121.0,31202.0,30355.0,13576.0,30447.0,199853.0
11069,6776.0,6596.0,6699.0,6649.0,6751.0,10750.0,11156.0,26929.0,27284.0,27018.0,11736.0,27102.0,175446.0
11074,6911.0,6561.0,6705.0,6752.0,6715.0,10742.0,11210.0,26927.0,27292.0,27028.0,11781.0,27112.0,175736.0
11075,6754.0,6625.0,6735.0,6687.0,6772.0,10750.0,11157.0,26909.0,27301.0,27042.0,11731.0,27080.0,175543.0
11080,6797.0,6561.0,6740.0,6713.0,6717.0,10774.0,11190.0,26952.0,27288.0,27073.0,11676.0,27118.0,175599.0
11083,6797.0,6611.0,6691.0,6671.0,6704.0,10813.0,11236.0,26948.0,27327.0,27001.0,11820.0,27080.0,175699.0
11084,6763.0,6605.0,6714.0,6694.0,6714.0,10750.0,11189.0,26937.0,27235.0,27077.0,11733.0,27161.0,175572.0
11085,6743.0,6631.0,6747.0,6682.0,6725.0,10802.0,11169.0,26902.0,27233.0,27050.0,11706.0,27106.0,175496.0
11089,7768.0,7855.0,8035.0,7894.0,7785.0,12370.0,12415.0,30640.0,30857.0,30370.0,13563.0,30072.0,199624.0
11093,6757.0,6561.0,6696.0,6696.0,6685.0,10820.0,11227.0,26934.0,27303.0,27065.0,11738.0,27081.0,175563.0
11094,6748.0,6561.0,6735.0,6667.0,6685.0,10763.0,11150.0,26938.0,27278.0,27047.0,11710.0,27105.0,175387.0
11098,6773.0,6588.0,6712.0,6717.0,6729.0,10755.0,11178.0,26942.0,27285.0,27033.0,11688.0,27135.0,175535.0
11099,7458.0,7367.0,7663.0,7410.0,7535.0,11588.0,11928.0,28812.0,29391.0,29388.0,12772.0,29211.0,190523.0
11103,6794.0,6615.0,6728.0,6800.0,6706.0,10753.0,11175.0,26986.0,27286.0,27043.0,11714.0,27138.0,175738.0
11106,6780.0,6615.0,6823.0,6702.0,6749.0,10812.0,11174.0,26963.0,27280.0,27098.0,11762.0,27080.0,175838.0
11107,6755.0,6561.0,6737.0,6712.0,6725.0,10765.0,11141.0,26990.0,27284.0,27018.0,11676.0,27121.0,175485.0
11108,6742.0,6621.0,6718.0,6706.0,6768.0,10746.0,11197.0,26953.0,27310.0,27027.0,11710.0,27080.0,175578.0
11109,7785.0,7491.0,7828.0,7737.0,8124.0,12453.0,12157.0,30193.0,30313.0,30493.0,13434.0,31066.0,199074.0
11111,7785.0,7743.0,7986.0,7696.0,8040.0,12267.0,12245.0,30383.0,29938.0,30353.0,13699.0,30737.0,198872.0
11112,7808.0,7733.0,7852.0,7694.0,7768.0,12236.0,12410.0,30647.0,30561.0,30589.0,13523.0,30361.0,199182.0
11113,7724.0,8000.0,7774.0,7724.0,7909.0,12671.0,12058.0,30050.0,30720.0,30824.0,13514.0,30493.0,199461.0
11115,6718.0,6605.0,6732.0,6709.0,6792.0,10824.0,11141.0,26901.0,27285.0,27044.0,11678.0,27128.0,175557.0
11117,6792.0,6567.0,6745.0,6694.0,6692.0,10738.0,11175.0,26922.0,27275.0,27026.0,11705.0,27080.0,175411.0
11118,6772.0,6567.0,6768.0,6641.0,6731.0,10750.0,11184.0,26910.0,27269.0,27054.0,11741.0,27080.0,175467.0
11120,6777.0,6655.0,6736.0,6654.0,6858.0,10768.0,11144.0,26911.0,27272.0,27046.0,11693.0,27080.0,175594.0
11123,7714.0,7668.0,8010.0,7869.0,7694.0,12300.0,12415.0,30687.0,30904.0,30949.0,13582.0,30705.0,200497.0
11125,7833.0,7881.0,7754.0,7698.0,7587.0,12509.0,12301.0,30302.0,30985.0,30640.0,13648.0,30170.0,199308.0
11127,6761.0,6636.0,6728.0,6660.0,6679.0,10754.0,11140.0,26911.0,27282.0,27100.0,11688.0,27080.0,175419.0
11131,7480.0,7594.0,7419.0,7588.0,7698.0,11974.0,12608.0,29756.0,30051.0,29731.0,12940.0,29863.0,194702.0
11134,6759.0,6612.0,6669.0,6738.0,6728.0,10797.0,11141.0,26986.0,27278.0,27001.0,11704.0,27117.0,175530.0
11136,7085.0,6965.0,6866.0,6962.0,6840.0,10807.0,11198.0,27231.0,27576.0,27251.0,11907.0,27302.0,177990.0
11138,6859.0,6726.0,6914.0,6785.0,6744.0,10909.0,11282.0,26967.0,27454.0,27240.0,11871.0,27152.0,176903.0
11141,8020.0,8003.0,8154.0,8109.0,7955.0,12624.0,13136.0,31091.0,31369.0,30715.0,13660.0,31471.0,204307.0
11147,6778.0,6634.0,6688.0,6690.0,6731.0,10738.0,11180.0,26902.0,27319.0,27017.0,11747.0,27085.0,175509.0
11148,6790.0,6592.0,6731.0,6642.0,6685.0,10776.0,11152.0,26892.0,27275.0,27016.0,11714.0,27091.0,175356.0
11149,6774.0,6586.0,6710.0,6743.0,6751.0,10750.0,11141.0,26984.0,27301.0,27053.0,11713.0,27143.0,175649.0
11150,6762.0,6591.0,6698.0,6666.0,6735.0,10804.0,11178.0,26933.0,27280.0,27030.0,11710.0,27220.0,175607.0
11152,6733.0,6656.0,6709.0,6693.0,6755.0,10750.0,11170.0,26933.0,27306.0,27033.0,11722.0,27115.0,175575.0
11164,6773.0,6691.0,6769.0,6678.0,6812.0,10867.0,11165.0,26955.0,27307.0,27144.0,11721.0,27143.0,176025.0
11176,6787.0,6725.0,6756.0,6726.0,6811.0,10780.0,11141.0,26876.0,27314.0,27051.0,11755.0,27136.0,175858.0
11182,6718.0,6561.0,6668.0,6615.0,6685.0,10736.0,11133.0,26890.0,27233.0,27001.0,11676.0,27080.0,174996.0
11185,6739.0,6578.0,6814.0,6717.0,6957.0,10779.0,11160.0,27003.0,27351.0,27048.0,11783.0,27151.0,176080.0
11186,6718.0,6561.0,6671.0,6636.0,6685.0,10750.0,11141.0,26902.0,27233.0,27001.0,11676.0,27080.0,175054.0
11195,6764.0,6616.0,6743.0,6717.0,6877.0,10797.0,11174.0,26931.0,27332.0,27026.0,11764.0,27091.0,175832.0
11198,6839.0,6641.0,6802.0,6683.0,6854.0,10800.0,11202.0,26953.0,27337.0,27076.0,11785.0,27087.0,176059.0
11207,6800.0,6604.0,6718.0,6723.0,6712.0,10749.0,11141.0,26925.0,27275.0,27037.0,11703.0,27096.0,175483.0
11209,6757.0,6638.0,6697.0,6653.0,6735.0,10750.0,11147.0,26929.0,27293.0,27066.0,11690.0,27157.0,175512.0
11212,6756.0,6639.0,6743.0,6684.0,6784.0,10762.0,11148.0,26890.0,27305.0,27098.0,11775.0,27092.0,175676.0
11216,6758.0,6638.0,6709.0,6689.0,6738.0,10794.0,11138.0,26911.0,27282.0,27027.0,11703.0,27080.0,175467.0
11221,6832.0,6586.0,6746.0,6738.0,6708.0,10817.0,11268.0,26925.0,27339.0,27123.0,11740.0,27115.0,175937.0
11228,6845.0,6561.0,6671.0,6796.0,6716.0,10750.0,11141.0,26935.0,27233.0,27001.0,11730.0,27080.0,175459.0
11229,6810.0,6598.0,6777.0,6683.0,6763.0,10804.0,11158.0,26937.0,27288.0,27126.0,11739.0,27080.0,175763.0
11230,6745.0,6561.0,6747.0,6749.0,6818.0,10841.0,11176.0,26964.0,27259.0,27091.0,11676.0,27080.0,175707.0
11231,6838.0,6612.0,6738.0,6681.0,6752.0,10794.0,11173.0,27059.0,27302.0,27015.0,11736.0,27109.0,175809.0
11232,6805.0,6585.0,6740.0,6783.0,6777.0,10850.0,11190.0,26894.0,27299.0,27070.0,11892.0,27088.0,175973.0
11233,6848.0,6607.0,6728.0,6711.0,6788.0,10815.0,11210.0,27002.0,27309.0,27040.0,11757.0,27178.0,175993.0
11234,6850.0,6664.0,6979.0,6742.0,6849.0,10819.0,11223.0,26958.0,27254.0,27049.0,11727.0,27155.0,176269.0
11235,6747.0,6635.0,6792.0,6707.0,6781.0,10848.0,11224.0,26903.0,27266.0,27056.0,11711.0,27132.0,175802.0
11242,7574.0,7646.0,7753.0,7514.0,7895.0,12555.0,12602.0,30251.0,31117.0,31188.0,13474.0,30317.0,199886.0
11243,7705.0,7713.0,7750.0,7698.0,8021.0,12471.0,12357.0,30726.0,31344.0,30607.0,13710.0,30727.0,200829.0
11249,6718.0,6558.0,6666.0,6630.0,6685.0,10738.0,11133.0,26886.0,27233.0,27001.0,11676.0,27080.0,175004.0
11257,6786.0,6690.0,6743.0,6748.0,6754.0,10837.0,11151.0,26913.0,27360.0,27064.0,11826.0,27092.0,175964.0
11262,6744.0,6605.0,6827.0,6687.0,6702.0,10863.0,11187.0,26923.0,27233.0,27102.0,11744.0,27163.0,175780.0
11268,6718.0,6631.0,6735.0,6695.0,6756.0,10759.0,11179.0,26923.0,27290.0,27028.0,11734.0,27106.0,175554.0
11269,6813.0,6655.0,6726.0,6714.0,6705.0,10869.0,11176.0,26935.0,27370.0,27091.0,11750.0,27149.0,175953.0
11271,6880.0,6632.0,6780.0,6689.0,6791.0,10801.0,11224.0,26902.0,27263.0,27072.0,11914.0,27090.0,176038.0
11273,6717.0,6546.0,6671.0,6635.0,6684.0,10738.0,11133.0,26898.0,27232.0,27001.0,11676.0,27080.0,175011.0
11274,6713.0,6561.0,6671.0,6615.0,6685.0,10750.0,11141.0,26902.0,27230.0,27001.0,11676.0,27080.0,175025.0
11279,6718.0,6561.0,6671.0,6945.0,6685.0,10861.0,11141.0,26902.0,27470.0,27001.0,11852.0,27080.0,175887.0
11280,6838.0,6735.0,6873.0,6685.0,6819.0,10783.0,11141.0,27262.0,27273.0,27038.0,11779.0,27108.0,176334.0
11283,6711.0,6561.0,6671.0,6636.0,6670.0,10738.0,11133.0,26896.0,27233.0,27001.0,11676.0,27080.0,175006.0
11285,6718.0,6558.0,6671.0,6636.0,6684.0,10738.0,11133.0,26885.0,27233.0,27001.0,11676.0,27080.0,175013.0
11286,6718.0,6561.0,6671.0,6636.0,6670.0,10727.0,11141.0,26876.0,27233.0,27001.0,11676.0,27080.0,174990.0
11298,6718.0,6557.0,6671.0,6636.0,6674.0,10741.0,11133.0,26896.0,27233.0,27001.0,11676.0,27080.0,175016.0
11299,6693.0,6561.0,6671.0,6635.0,6683.0,10747.0,11133.0,26885.0,27233.0,27001.0,11676.0,27080.0,174998.0
11301,6718.0,6561.0,6671.0,6636.0,6679.0,10750.0,11140.0,26902.0,27233.0,27001.0,11676.0,27080.0,175047.0
11302,6726.0,6561.0,6728.0,6679.0,6685.0,10750.0,11141.0,26977.0,27233.0,27001.0,11676.0,27080.0,175237.0
11303,6877.0,6561.0,6671.0,6839.0,6685.0,10750.0,11141.0,26902.0,27233.0,27001.0,11676.0,27080.0,175416.0
11304,6718.0,6973.0,6671.0,7000.0,6685.0,10750.0,11141.0,26902.0,27233.0,27001.0,11676.0,27080.0,175830.0
11306,6718.0,6561.0,6671.0,6636.0,6679.0,10750.0,11141.0,26902.0,27233.0,27001.0,11676.0,27080.0,175048.0
11322,6718.0,6561.0,6671.0,6636.0,6685.0,10734.0,11131.0,26881.0,27233.0,27001.0,11676.0,27075.0,175002.0
11323,6718.0,6561.0,6671.0,6636.0,6685.0,10742.0,11141.0,26902.0,27233.0,27001.0,11676.0,27080.0,175046.0
11337,6823.0,6667.0,6717.0,6749.0,6779.0,10764.0,11143.0,26958.0,27314.0,27066.0,11759.0,27091.0,175830.0
11343,6933.0,6670.0,6726.0,6723.0,6764.0,10902.0,11155.0,26965.0,27339.0,27080.0,11744.0,27145.0,176146.0
11344,6718.0,6561.0,6671.0,6636.0,6685.0,10745.0,11141.0,26902.0,27233.0,27001.0,11676.0,27080.0,175049.0
11345,6718.0,6561.0,6671.0,6636.0,6670.0,10731.0,11139.0,26866.0,27227.0,27001.0,11676.0,27080.0,174976.0
11346,6718.0,6558.0,6671.0,6636.0,6674.0,10715.0,11141.0,26895.0,27233.0,27001.0,11676.0,27080.0,174998.0
11352,6718.0,6558.0,6671.0,6620.0,6678.0,10738.0,11133.0,26902.0,27233.0,27001.0,11676.0,27080.0,175008.0
11383,7458.0,6869.0,7223.0,7314.0,6685.0,11538.0,11683.0,27818.0,27928.0,27450.0,11942.0,28248.0,182156.0
11388,7755.0,7986.0,7854.0,7722.0,7834.0,12412.0,12219.0,30484.0,30939.0,30495.0,13799.0,30370.0,199869.0
11392,7753.0,7983.0,7771.0,7627.0,7820.0,12412.0,12219.0,30418.0,30922.0,30451.0,13605.0,30311.0,199292.0
11403,7699.0,7580.0,7754.0,7840.0,7729.0,12796.0,12556.0,30082.0,31202.0,30355.0,13530.0,30447.0,199570.0
11417,6804.0,6696.0,6760.0,6703.0,6796.0,10811.0,11141.0,26902.0,27333.0,27118.0,11768.0,27113.0,175945.0
11426,6817.0,6617.0,6689.0,6829.0,6759.0,10871.0,11155.0,26936.0,27358.0,27045.0,11803.0,27080.0,175959.0
11455,6765.0,6663.0,6765.0,6713.0,6803.0,10813.0,11141.0,26981.0,27314.0,27036.0,11735.0,27080.0,175809.0
11458,6751.0,6631.0,6744.0,6684.0,6769.0,10738.0,11141.0,26983.0,27379.0,27063.0,11704.0,27080.0,175667.0
11478,7326.0,7178.0,7065.0,7380.0,7054.0,10925.0,11740.0,27899.0,27799.0,27692.0,12144.0,27830.0,182032.0
11481,6912.0,6729.0,6937.0,6856.0,6931.0,10901.0,11247.0,27149.0,27404.0,27315.0,11906.0,27393.0,177680.0
11482,7035.0,7016.0,7359.0,7122.0,7416.0,11205.0,11571.0,27841.0,27888.0,27524.0,12542.0,28258.0,182777.0
11490,7632.0,7611.0,7780.0,7646.0,7543.0,12314.0,12064.0,30373.0,30498.0,29805.0,13445.0,30320.0,197031.0
11495,7846.0,7690.0,7915.0,7777.0,7808.0,12356.0,12371.0,29956.0,30301.0,31122.0,13872.0,31167.0,200181.0
11496,7978.0,8034.0,8166.0,8147.0,7955.0,12624.0,13136.0,31091.0,31369.0,30715.0,13649.0,31471.0,204335.0
11497,6757.0,6587.0,6745.0,6694.0,6752.0,10780.0,11141.0,26902.0,27262.0,27005.0,11676.0,27142.0,175443.0
11498,6774.0,6608.0,6688.0,6636.0,6693.0,10809.0,11141.0,26956.0,27289.0,27078.0,11730.0,27080.0,175482.0
11501,6718.0,6561.0,6671.0,6636.0,6685.0,10750.0,11141.0,26902.0,27232.0,27001.0,11676.0,27080.0,175053.0
11503,6780.0,6609.0,6693.0,6704.0,6722.0,10742.0,11293.0,26902.0,27274.0,27001.0,11712.0,27107.0,175539.0
11504,6851.0,6625.0,6715.0,6738.0,6779.0,10758.0,11197.0,26902.0,27346.0,27001.0,11711.0,27098.0,175721.0
11508,6718.0,6561.0,6671.0,6636.0,6685.0,10741.0,11141.0,26902.0,27233.0,27001.0,11676.0,27080.0,175045.0
11509,6718.0,6561.0,6671.0,6636.0,6685.0,10750.0,11141.0,26890.0,27233.0,27001.0,11676.0,27080.0,175042.0
11512,6718.0,6561.0,6671.0,6636.0,6685.0,10750.0,11141.0,26902.0,27233.0,27001.0,11676.0,27076.0,175050.0
11516,7867.0,7952.0,8011.0,7807.0,7785.0,12368.0,12557.0,30166.0,31045.0,30429.0,13492.0,30319.0,199798.0
11526,6830.0,6685.0,6811.0,6815.0,6847.0,10973.0,11228.0,26897.0,27375.0,27155.0,11812.0,27323.0,176751.0
11527,7043.0,6823.0,6957.0,6962.0,6910.0,10949.0,11274.0,27154.0,27586.0,27229.0,11930.0,27294.0,178111.0
11528,7628.0,7634.0,8100.0,8041.0,7671.0,12099.0,11961.0,28531.0,28669.0,28834.0,13497.0,28764.0,191429.0
11534,6875.0,6572.0,6761.0,6636.0,6685.0,10750.0,11211.0,26977.0,27307.0,27079.0,11720.0,27207.0,175780.0
11540,7700.0,7714.0,7706.0,7713.0,7989.0,12412.0,12367.0,30694.0,31435.0,30546.0,13729.0,30786.0,200791.0
11549,6759.0,6641.0,6816.0,6779.0,6783.0,10844.0,11150.0,26958.0,27363.0,27152.0,11769.0,27122.0,176136.0
11552,6754.0,6600.0,6853.0,6660.0,6726.0,10752.0,11220.0,26942.0,27282.0,27095.0,11772.0,27088.0,175744.0
11554,7196.0,6978.0,7089.0,6973.0,6952.0,11036.0,11326.0,27417.0,27757.0,27595.0,12180.0,27530.0,180029.0
11555,6846.0,6893.0,6874.0,6833.0,7093.0,10934.0,11233.0,27266.0,27585.0,27251.0,11975.0,27429.0,178212.0
11556,7258.0,6972.0,7095.0,7266.0,7130.0,11049.0,11663.0,27469.0,28189.0,27903.0,12278.0,27842.0,182114.0
11558,7301.0,7128.0,7195.0,7158.0,7231.0,11158.0,11552.0,27832.0,28102.0,27742.0,12323.0,27835.0,182557.0
11566,7420.0,7618.0,7312.0,7610.0,7559.0,11889.0,12312.0,29934.0,30308.0,29926.0,13172.0,29274.0,194334.0
11581,6782.0,6625.0,6747.0,6635.0,6795.0,10855.0,11141.0,27022.0,27233.0,27046.0,11757.0,27101.0,175739.0
11584,6792.0,6667.0,6721.0,6683.0,6722.0,10777.0,11162.0,26902.0,27350.0,27059.0,11720.0,27164.0,175719.0
11599,6754.0,6602.0,6746.0,6701.0,6714.0,10900.0,11166.0,26924.0,27282.0,27055.0,11735.0,27133.0,175712.0
11609,6716.0,6554.0,6671.0,6623.0,6678.0,10746.0,11130.0,26902.0,27229.0,26994.0,11675.0,27080.0,174998.0
11611,6716.0,6554.0,6671.0,6623.0,6678.0,10746.0,11130.0,26902.0,27229.0,26994.0,11670.0,27080.0,174993.0
11612,6716.0,6554.0,6671.0,6623.0,6678.0,10746.0,11130.0,26902.0,27225.0,26994.0,11670.0,27080.0,174989.0
11614,6921.0,6748.0,6866.0,6708.0,6855.0,10849.0,11166.0,27075.0,27523.0,27222.0,11822.0,27308.0,177063.0
11615,6997.0,6906.0,6849.0,6913.0,7044.0,10783.0,11236.0,27176.0,27564.0,27200.0,11836.0,27240.0,177744.0
11616,6716.0,6554.0,6671.0,6623.0,6678.0,10746.0,11130.0,26902.0,27225.0,26994.0,11670.0,27067.0,174976.0
11623,6718.0,6561.0,6666.0,6635.0,6676.0,10745.0,11141.0,26864.0,27231.0,27001.0,11676.0,27080.0,174994.0
11627,6718.0,6561.0,6671.0,6635.0,6676.0,10745.0,11141.0,26864.0,27231.0,27001.0,11676.0,27080.0,174999.0
11628,6718.0,6586.0,6705.0,6802.0,6785.0,10755.0,11200.0,26960.0,27310.0,27100.0,11793.0,27107.0,175821.0
11629,6790.0,6672.0,6713.0,6697.0,6822.0,10757.0,11166.0,26934.0,27323.0,27100.0,11698.0,27087.0,175759.0
11631,6732.0,6700.0,6721.0,6739.0,6756.0,10751.0,11143.0,26911.0,27350.0,27114.0,11729.0,27133.0,175779.0
11635,6820.0,6751.0,6700.0,6660.0,6721.0,10806.0,11185.0,26906.0,27335.0,27070.0,11720.0,27169.0,175843.0
11636,6814.0,6581.0,6770.0,6762.0,6725.0,10843.0,11218.0,26950.0,27354.0,27091.0,11710.0,27117.0,175935.0
11637,6934.0,6703.0,6874.0,6869.0,6779.0,10788.0,11176.0,26978.0,27260.0,27097.0,11763.0,27171.0,176392.0
11643,6718.0,6561.0,6671.0,6636.0,6679.0,10739.0,11140.0,26881.0,27233.0,26995.0,11676.0,27080.0,175009.0
11644,6718.0,6561.0,6671.0,6636.0,6679.0,10729.0,11138.0,26872.0,27232.0,26994.0,11676.0,27076.0,174982.0
11646,6718.0,6559.0,6671.0,6636.0,6685.0,10738.0,11133.0,26893.0,27233.0,26994.0,11676.0,27080.0,175016.0
11674,6717.0,6549.0,6671.0,6636.0,6685.0,10745.0,11141.0,26884.0,27233.0,27001.0,11676.0,27080.0,175018.0
11675,6718.0,6561.0,6671.0,6636.0,6672.0,10742.0,11141.0,26891.0,27233.0,27001.0,11676.0,27080.0,175022.0
11687,6718.0,6561.0,6671.0,6636.0,6677.0,10750.0,11140.0,26899.0,27233.0,27001.0,11676.0,27080.0,175042.0
11704,6827.0,6603.0,6790.0,6711.0,6734.0,10815.0,11141.0,27014.0,27336.0,27079.0,11790.0,27214.0,176054.0
11710,6718.0,6561.0,6671.0,6636.0,6685.0,10747.0,11133.0,26901.0,27233.0,27001.0,11676.0,27080.0,175042.0
11711,6718.0,6561.0,6671.0,6636.0,6685.0,10742.0,11134.0,26871.0,27233.0,27001.0,11676.0,27080.0,175008.0
11723,6718.0,6561.0,6671.0,6634.0,6679.0,10750.0,11141.0,26902.0,27232.0,27001.0,11676.0,27080.0,175045.0
11733,7201.0,6809.0,6866.0,6815.0,6882.0,10785.0,11294.0,27072.0,27723.0,27475.0,12100.0,27534.0,178556.0
11734,7465.0,7373.0,7404.0,7394.0,7657.0,11603.0,11893.0,27863.0,28276.0,28264.0,12535.0,27739.0,185466.0
11751,6718.0,6558.0,6671.0,6636.0,6685.0,10738.0,11141.0,26861.0,27229.0,27001.0,11676.0,27069.0,174983.0
11756,6718.0,6634.0,6841.0,6672.0,6768.0,10821.0,11141.0,26946.0,27298.0,27116.0,11714.0,27080.0,175749.0
11759,6718.0,6561.0,6770.0,6675.0,6799.0,10750.0,11141.0,26902.0,27233.0,27116.0,11797.0,27080.0,175542.0
11761,6717.0,6558.0,6671.0,6633.0,6683.0,10748.0,11140.0,26895.0,27233.0,27001.0,11676.0,27065.0,175020.0
11787,6718.0,6561.0,6671.0,6636.0,6685.0,10740.0,11141.0,26902.0,27233.0,27001.0,11676.0,27080.0,175044.0
11791,7756.0,7609.0,7740.0,7832.0,7721.0,12758.0,12519.0,30010.0,31084.0,30282.0,13535.0,30325.0,199171.0
11795,6718.0,6561.0,6724.0,6756.0,6685.0,10750.0,11187.0,26950.0,27282.0,27108.0,11676.0,27158.0,175555.0
11801,6763.0,6561.0,6671.0,6643.0,6685.0,10750.0,11141.0,26931.0,27233.0,27001.0,11676.0,27080.0,175135.0
11805,6879.0,6834.0,6770.0,6636.0,6753.0,10750.0,11142.0,26944.0,27287.0,27001.0,11771.0,27080.0,175847.0
11806,6718.0,6561.0,6671.0,6636.0,6702.0,10750.0,11141.0,26902.0,27264.0,27001.0,11676.0,27080.0,175102.0
11807,6943.0,6577.0,6759.0,6700.0,6685.0,10787.0,11141.0,26902.0,27233.0,27001.0,11676.0,27080.0,175484.0
11808,6718.0,6616.0,6671.0,6636.0,6730.0,10836.0,11141.0,26977.0,27233.0,27001.0,11676.0,27080.0,175315.0
11809,6731.0,6561.0,6704.0,6660.0,6703.0,10750.0,11141.0,26902.0,27233.0,27001.0,11768.0,27080.0,175234.0
11810,6718.0,6561.0,6715.0,6636.0,6724.0,10750.0,11245.0,26902.0,27354.0,27001.0,11676.0,27080.0,175362.0
11812,6718.0,6561.0,6668.0,6635.0,6676.0,10743.0,11138.0,26864.0,27231.0,27001.0,11676.0,27080.0,174991.0
11833,7711.0,7782.0,7762.0,7726.0,8020.0,12301.0,12414.0,30714.0,30228.0,30250.0,13732.0,30680.0,199320.0
11835,7171.0,7042.0,7124.0,6970.0,7233.0,11152.0,11481.0,27667.0,28033.0,27645.0,12229.0,27582.0,181329.0
11837,6747.0,6630.0,6755.0,6663.0,6775.0,10797.0,11163.0,26973.0,27277.0,27054.0,11735.0,27140.0,175709.0
11847,7082.0,6973.0,6969.0,7000.0,6809.0,10867.0,11287.0,27246.0,27618.0,27265.0,11891.0,27241.0,178248.0
11848,6714.0,6555.0,6670.0,6633.0,6681.0,10744.0,11141.0,26899.0,27232.0,27000.0,11676.0,27079.0,175024.0
11849,6716.0,6556.0,6669.0,6626.0,6683.0,10738.0,11141.0,26902.0,27233.0,27001.0,11676.0,27074.0,175015.0
11857,6990.0,6843.0,6846.0,6866.0,6958.0,10881.0,11262.0,27173.0,27629.0,27349.0,11963.0,27410.0,178170.0
11888,6806.0,6645.0,6753.0,6693.0,6685.0,10753.0,11229.0,27010.0,27337.0,27016.0,11819.0,27154.0,175900.0
11889,7037.0,6816.0,6932.0,6948.0,7037.0,10831.0,11394.0,27151.0,27492.0,27263.0,11838.0,27421.0,178160.0
11890,7186.0,7199.0,7200.0,6982.0,7310.0,11038.0,11382.0,27414.0,27703.0,27431.0,12461.0,27503.0,180809.0
11892,7089.0,6741.0,7464.0,7008.0,7471.0,11052.0,11430.0,27276.0,27756.0,27318.0,12002.0,27902.0,180509.0
11893,7759.0,7337.0,7417.0,7587.0,7651.0,11556.0,11729.0,28132.0,28935.0,28450.0,13164.0,28223.0,187940.0
11894,7515.0,7373.0,7651.0,7624.0,7855.0,11672.0,11893.0,28222.0,28349.0,28541.0,12850.0,27991.0,187536.0
11895,6753.0,6719.0,6771.0,6716.0,6774.0,10797.0,11207.0,26966.0,27341.0,27025.0,11719.0,27094.0,175882.0
11896,7289.0,7404.0,7433.0,7290.0,7464.0,11391.0,11747.0,27495.0,27919.0,28044.0,12343.0,27839.0,183658.0
11900,6908.0,6767.0,6970.0,6894.0,6887.0,10896.0,11271.0,27181.0,27583.0,27319.0,11860.0,27246.0,177782.0
11906,6707.0,6561.0,6671.0,6630.0,6685.0,10742.0,11107.0,26891.0,27233.0,27001.0,11676.0,27080.0,174984.0
11907,6691.0,6561.0,6671.0,6633.0,6681.0,10735.0,11133.0,26881.0,27233.0,27001.0,11676.0,27080.0,174976.0
11911,7652.0,7634.0,7736.0,7647.0,7853.0,11905.0,12200.0,30298.0,30784.0,30162.0,13358.0,30477.0,197706.0
11936,6601.0,6628.0,6668.0,6555.0,6724.0,10725.0,11159.0,27017.0,27396.0,27261.0,11763.0,27206.0,175703.0
11948,7908.0,7457.0,7724.0,7741.0,7849.0,12355.0,12665.0,30052.0,30539.0,30576.0,13425.0,30926.0,199217.0
11949,7872.0,7738.0,7840.0,7697.0,7784.0,12114.0,12685.0,30302.0,30796.0,30580.0,13839.0,30659.0,199906.0
11950,8020.0,7697.0,7999.0,7635.0,7703.0,11925.0,12058.0,29396.0,30286.0,30768.0,13454.0,31135.0,198076.0
11951,7895.0,7570.0,7546.0,7793.0,7736.0,11961.0,11868.0,28795.0,29115.0,28400.0,13168.0,28834.0,190681.0
11952,7725.0,7555.0,7813.0,7446.0,8164.0,11920.0,12155.0,28763.0,29054.0,28570.0,12884.0,28824.0,190873.0
11953,7895.0,7573.0,7850.0,7766.0,7692.0,12323.0,12557.0,30102.0,31142.0,30384.0,13782.0,30263.0,199329.0
11956,8126.0,7942.0,8360.0,8063.0,8150.0,12608.0,13062.0,30741.0,31431.0,31209.0,13817.0,30808.0,204317.0
11957,7925.0,8200.0,8145.0,8130.0,8215.0,12708.0,12868.0,30904.0,31168.0,31096.0,14143.0,31092.0,204594.0
11958,8107.0,8306.0,8152.0,8151.0,8297.0,12833.0,13002.0,31403.0,31538.0,31392.0,14180.0,31197.0,206558.0
11972,7581.0,7629.0,7538.0,7623.0,7638.0,12133.0,12188.0,29863.0,30250.0,29980.0,13341.0,29855.0,195619.0
11973,7459.0,7376.0,7419.0,7368.0,7465.0,11752.0,12026.0,29496.0,29801.0,29879.0,13003.0,29729.0,192773.0
11996,7701.0,7942.0,7785.0,7691.0,7918.0,12383.0,12634.0,30287.0,30749.0,30626.0,13918.0,30608.0,200242.0
11997,8260.0,8326.0,8316.0,8329.0,8364.0,12966.0,13130.0,32072.0,31838.0,31748.0,14171.0,31725.0,209245.0
11999,8257.0,7571.0,7587.0,7846.0,7740.0,12080.0,12642.0,30347.0,30659.0,31316.0,13385.0,30565.0,199995.0
12001,8374.0,8315.0,8296.0,8306.0,8357.0,13183.0,13095.0,31526.0,31794.0,31736.0,14354.0,31446.0,208782.0
12002,8282.0,8356.0,8480.0,8429.0,8367.0,12942.0,13048.0,31361.0,32028.0,31702.0,14308.0,31666.0,208969.0
12003,7807.0,7865.0,7781.0,7796.0,7808.0,12152.0,12350.0,29854.0,30522.0,30266.0,13452.0,30064.0,197717.0
12008,7793.0,7810.0,7840.0,7933.0,7735.0,12796.0,12556.0,30266.0,31202.0,30355.0,13518.0,30461.0,200265.0
12013,7399.0,7698.0,7493.0,7365.0,7512.0,12369.0,12148.0,29958.0,29945.0,29919.0,13431.0,30032.0,195269.0
12014,7448.0,7619.0,7518.0,7379.0,7410.0,11766.0,12305.0,29920.0,30097.0,29877.0,13364.0,29617.0,194320.0
12016,6815.0,6705.0,6692.0,6700.0,6747.0,10820.0,11230.0,26906.0,27237.0,27047.0,11770.0,27115.0,175784.0
12017,6862.0,6655.0,6763.0,6707.0,6753.0,10831.0,11161.0,27014.0,27332.0,27074.0,11756.0,27142.0,176050.0
12019,7727.0,7645.0,7711.0,7907.0,7786.0,12796.0,12556.0,30082.0,31202.0,30355.0,13459.0,30494.0,199720.0
12024,7727.0,7645.0,7711.0,7907.0,7735.0,12796.0,12556.0,30082.0,31202.0,30355.0,13459.0,30461.0,199636.0
12025,6745.0,6599.0,6764.0,6732.0,6740.0,10761.0,11169.0,26902.0,27233.0,27001.0,11696.0,27178.0,175520.0
12031,6718.0,6561.0,6671.0,6636.0,6685.0,10830.0,11141.0,26962.0,27233.0,27112.0,11676.0,27080.0,175305.0
12039,6710.0,6561.0,6669.0,6630.0,6685.0,10735.0,11133.0,26870.0,27233.0,27001.0,11676.0,27080.0,174983.0
12042,6718.0,6561.0,6671.0,6636.0,6685.0,10750.0,11141.0,26902.0,27233.0,27001.0,11676.0,27092.0,175066.0
12057,6720.0,6561.0,6674.0,6656.0,6685.0,10738.0,11141.0,26902.0,27233.0,27001.0,11676.0,27080.0,175067.0
12060,6718.0,6561.0,6671.0,6636.0,6685.0,10750.0,11141.0,27021.0,27339.0,27186.0,11676.0,27080.0,175464.0
12061,6718.0,6561.0,6671.0,6636.0,6685.0,10750.0,11141.0,26902.0,27316.0,27001.0,11676.0,27080.0,175137.0
12066,6929.0,6794.0,6794.0,6663.0,6947.0,10769.0,11141.0,26902.0,27346.0,27080.0,11809.0,27149.0,176323.0
12073,6718.0,6561.0,6671.0,6636.0,6685.0,10750.0,11141.0,26985.0,27233.0,27018.0,11676.0,27080.0,175154.0
12090,7741.0,7406.0,7507.0,7542.0,7618.0,11874.0,11885.0,29330.0,30193.0,29751.0,13566.0,29293.0,193706.0
12092,7889.0,7732.0,7753.0,7760.0,7950.0,12694.0,12340.0,30281.0,30759.0,30222.0,13328.0,30700.0,199408.0
12093,7949.0,7721.0,7887.0,8046.0,7595.0,12463.0,12678.0,29940.0,30958.0,30383.0,13530.0,31162.0,200312.0
12094,6539.0,6607.0,6628.0,6648.0,6777.0,10688.0,11189.0,27450.0,27891.0,27904.0,11809.0,27539.0,177669.0
12096,8003.0,7891.0,7705.0,7889.0,7940.0,12238.0,12275.0,30031.0,30607.0,30245.0,13321.0,30580.0,198725.0
12108,6718.0,6561.0,6671.0,6636.0,6685.0,10750.0,11141.0,26902.0,27360.0,27009.0,11676.0,27080.0,175189.0
12114,6718.0,6561.0,6671.0,6636.0,6685.0,10750.0,11141.0,26915.0,27233.0,27001.0,11676.0,27104.0,175091.0
12117,6718.0,6561.0,6671.0,6636.0,6685.0,10750.0,11141.0,26902.0,27320.0,27123.0,11676.0,27080.0,175263.0
12119,6923.0,6770.0,6870.0,6816.0,7029.0,10878.0,11281.0,27124.0,27638.0,27250.0,11798.0,27310.0,177687.0
12181,7748.0,7662.0,7746.0,7904.0,7704.0,12796.0,12556.0,30171.0,31202.0,30355.0,13481.0,30447.0,199772.0
12200,6971.0,6838.0,7080.0,7053.0,7021.0,11070.0,11444.0,27253.0,27578.0,27399.0,11990.0,27513.0,179210.0
12203,6859.0,6707.0,6788.0,6763.0,6811.0,10777.0,11156.0,26935.0,27368.0,27145.0,11766.0,27123.0,176198.0
12210,6919.0,6646.0,6712.0,6690.0,6794.0,10813.0,11145.0,26921.0,27282.0,27065.0,11823.0,27080.0,175890.0
12218,6751.0,6584.0,6737.0,6744.0,6707.0,10795.0,11227.0,27027.0,27280.0,27072.0,11789.0,27128.0,175841.0
12220,6853.0,6749.0,6888.0,6832.0,6862.0,10814.0,11277.0,26985.0,27374.0,27318.0,11856.0,27281.0,177089.0
12226,6849.0,6747.0,6796.0,6731.0,6887.0,10822.0,11160.0,26929.0,27307.0,27030.0,11785.0,27126.0,176169.0
12227,7036.0,6836.0,7194.0,7022.0,6685.0,11191.0,11466.0,27310.0,27578.0,27307.0,11911.0,27513.0,179049.0
12231,6916.0,6869.0,6741.0,6844.0,6893.0,10807.0,11229.0,27250.0,27337.0,27172.0,11716.0,27169.0,176943.0
12233,6725.0,6585.0,6698.0,6790.0,6754.0,10767.0,11221.0,26889.0,27331.0,27058.0,11755.0,27112.0,175685.0
12238,6923.0,6770.0,6772.0,6747.0,6805.0,10878.0,11281.0,26998.0,27275.0,27096.0,11841.0,27130.0,176516.0
12239,6731.0,6591.0,6699.0,6676.0,6703.0,10756.0,11141.0,26964.0,27274.0,27027.0,11719.0,27133.0,175414.0
12241,6814.0,6804.0,6772.0,6747.0,6805.0,10784.0,11141.0,26998.0,27275.0,27096.0,11841.0,27130.0,176207.0
12256,6718.0,6561.0,6671.0,6635.0,6685.0,10750.0,11141.0,26859.0,27231.0,27001.0,11676.0,27080.0,175008.0
12262,6761.0,6636.0,6728.0,6660.0,6724.0,10754.0,11176.0,26911.0,27282.0,27100.0,11688.0,27105.0,175525.0
12263,6755.0,6612.0,6772.0,6697.0,6783.0,10766.0,11154.0,26925.0,27364.0,27132.0,11794.0,27123.0,175877.0
12265,6856.0,6584.0,6745.0,6881.0,6789.0,10806.0,11141.0,26935.0,27353.0,27078.0,11766.0,27127.0,176061.0
12278,7932.0,7689.0,7939.0,7877.0,8059.0,12312.0,12786.0,30303.0,30196.0,30691.0,13220.0,30243.0,199247.0
12281,6779.0,6716.0,6831.0,6759.0,6742.0,10742.0,11141.0,26973.0,27364.0,27074.0,11877.0,27157.0,176155.0
12289,7000.0,6607.0,6723.0,6691.0,6799.0,10769.0,11141.0,26991.0,27302.0,27279.0,11682.0,27150.0,176134.0
12297,6718.0,6561.0,6671.0,6636.0,6685.0,10750.0,11141.0,26902.0,27233.0,27001.0,11676.0,27068.0,175042.0
12304,6826.0,6605.0,6813.0,6719.0,6703.0,10835.0,11178.0,27029.0,27322.0,27087.0,11764.0,27130.0,176011.0
12312,6718.0,6561.0,6669.0,6636.0,6685.0,10750.0,11141.0,26902.0,27233.0,27001.0,11676.0,27080.0,175052.0
12318,6718.0,6561.0,6671.0,6631.0,6679.0,10750.0,11140.0,26902.0,27233.0,27001.0,11676.0,27080.0,175042.0
12326,7705.0,7783.0,7725.0,7698.0,7979.0,12460.0,12356.0,30767.0,31500.0,30554.0,13703.0,30788.0,201018.0
12330,6711.0,6559.0,6671.0,6631.0,6682.0,10750.0,11141.0,26902.0,27233.0,27001.0,11676.0,27080.0,175037.0
12342,6718.0,6561.0,6671.0,6636.0,6685.0,10750.0,11141.0,26881.0,27233.0,27001.0,11676.0,27080.0,175033.0
12343,7565.0,7658.0,7684.0,7439.0,7835.0,12601.0,12602.0,30363.0,31061.0,31071.0,13517.0,30205.0,199601.0
12345,7384.0,7546.0,7667.0,7342.0,7729.0,12601.0,12588.0,30363.0,31061.0,31071.0,13423.0,30100.0,198875.0
12366,6718.0,6561.0,6671.0,6636.0,6679.0,10749.0,11140.0,26902.0,27233.0,27001.0,11676.0,27080.0,175046.0
12368,6883.0,6599.0,6767.0,6693.0,6796.0,10834.0,11141.0,26962.0,27285.0,27038.0,11784.0,27160.0,175942.0
12373,6745.0,6623.0,6897.0,6793.0,6822.0,10777.0,11199.0,26955.0,27323.0,27035.0,11757.0,27141.0,176067.0
12376,6887.0,6678.0,6706.0,6716.0,6772.0,10878.0,11148.0,26933.0,27248.0,27026.0,11736.0,27114.0,175842.0
12383,6764.0,6587.0,6684.0,6746.0,6709.0,10750.0,11185.0,26902.0,27333.0,27092.0,11747.0,27125.0,175624.0
12386,6778.0,6627.0,6752.0,6739.0,6685.0,10784.0,11154.0,26988.0,27327.0,27032.0,11729.0,27108.0,175703.0
12395,6831.0,6630.0,6735.0,6686.0,6750.0,10750.0,11215.0,27033.0,27309.0,27119.0,11706.0,27115.0,175879.0
12402,6878.0,6695.0,6771.0,6631.0,6679.0,10749.0,11140.0,26915.0,27370.0,27055.0,11730.0,27109.0,175722.0
12407,6814.0,6572.0,6780.0,6733.0,6776.0,10750.0,11151.0,26997.0,27242.0,27020.0,11729.0,27152.0,175716.0
12418,6718.0,6558.0,6671.0,6636.0,6675.0,10742.0,11133.0,26886.0,27233.0,27001.0,11676.0,27080.0,175009.0
12422,6899.0,7045.0,7078.0,7007.0,7229.0,11050.0,11459.0,27672.0,27883.0,27365.0,11992.0,27392.0,180071.0
12423,7417.0,7144.0,7375.0,7133.0,7497.0,11301.0,11643.0,27988.0,28165.0,27499.0,12627.0,27592.0,183381.0
12444,6613.0,6675.0,6723.0,6573.0,6640.0,10713.0,11120.0,27151.0,27973.0,27604.0,12007.0,27574.0,177366.0
12446,6638.0,6665.0,6625.0,6684.0,6652.0,10798.0,11125.0,27480.0,28054.0,27781.0,11817.0,27689.0,178008.0
12452,6563.0,6559.0,6594.0,6700.0,6613.0,10771.0,11117.0,27189.0,27758.0,27738.0,11838.0,27510.0,176950.0
12459,10513.0,10472.0,10606.0,10678.0,10650.0,16979.0,16733.0,45035.0,46115.0,45207.0,19768.0,44307.0,287063.0
12460,10679.0,10643.0,10621.0,10585.0,10631.0,17481.0,16670.0,45117.0,45105.0,45380.0,19029.0,44475.0,286416.0
12462,7361.0,7373.0,7418.0,7322.0,7457.0,11494.0,11810.0,28225.0,28553.0,28537.0,12569.0,28067.0,186186.0
12472,6839.0,6755.0,6978.0,6745.0,6777.0,10811.0,11224.0,27026.0,27392.0,27221.0,11835.0,27222.0,176825.0
12475,6830.0,6668.0,6825.0,6681.0,6719.0,10793.0,11233.0,26902.0,27307.0,27095.0,11766.0,27129.0,175948.0
12477,6778.0,6676.0,6774.0,6681.0,6733.0,10772.0,11198.0,26902.0,27349.0,27022.0,11735.0,27098.0,175718.0
12478,6879.0,6734.0,6780.0,6827.0,6892.0,10805.0,11147.0,27033.0,27520.0,27089.0,11834.0,27289.0,176829.0
12479,6782.0,6644.0,6702.0,6713.0,6729.0,10820.0,11203.0,26952.0,27302.0,27092.0,11721.0,27139.0,175799.0
12480,6833.0,6754.0,6669.0,6733.0,6685.0,10890.0,11192.0,27034.0,27233.0,27069.0,11801.0,27118.0,176011.0
12507,6822.0,6658.0,6775.0,6743.0,6714.0,10753.0,11180.0,26978.0,27301.0,27127.0,11774.0,27160.0,175985.0
12513,7005.0,7020.0,7081.0,7118.0,7009.0,10904.0,11404.0,28019.0,28927.0,28244.0,12468.0,28169.0,183368.0
12518,7115.0,6942.0,7045.0,7045.0,6983.0,11377.0,11663.0,29140.0,30164.0,29531.0,12469.0,29781.0,189255.0
12520,6752.0,6639.0,6746.0,6676.0,6716.0,10751.0,11167.0,27493.0,28011.0,27608.0,11940.0,27719.0,178218.0
12522,6771.0,6652.0,6747.0,6685.0,6729.0,10801.0,11167.0,27680.0,28160.0,27699.0,12039.0,27890.0,179020.0
12523,6793.0,6808.0,6753.0,6794.0,6808.0,10907.0,11229.0,27912.0,28700.0,28161.0,12244.0,28286.0,181395.0
12524,6742.0,6761.0,6733.0,6740.0,6808.0,10816.0,11176.0,27567.0,28382.0,27861.0,12197.0,28024.0,179807.0
12526,6782.0,6787.0,6739.0,6738.0,6808.0,10821.0,11201.0,27660.0,28347.0,28076.0,12146.0,28201.0,180306.0
12527,10330.0,10263.0,10185.0,10405.0,10262.0,17467.0,17304.0,40466.0,41011.0,41326.0,18655.0,41310.0,268984.0
12570,6770.0,6626.0,6799.0,6670.0,6792.0,10813.0,11201.0,26948.0,27292.0,27040.0,11788.0,27157.0,175896.0
12611,6718.0,6561.0,6671.0,6636.0,7821.0,11540.0,12132.0,27004.0,27233.0,27220.0,11676.0,27208.0,178420.0
12625,6727.0,6673.0,6749.0,6762.0,6726.0,10811.0,11207.0,27090.0,27365.0,27112.0,11676.0,27171.0,176069.0
12628,6847.0,6582.0,6713.0,6721.0,6758.0,10801.0,11224.0,27001.0,27377.0,27087.0,11797.0,27148.0,176056.0
12631,7008.0,6941.0,6951.0,6930.0,7001.0,10991.0,11324.0,27305.0,27668.0,27435.0,12025.0,27417.0,178996.0
12638,7712.0,7630.0,7686.0,7620.0,7853.0,11878.0,12150.0,30297.0,30665.0,30113.0,13345.0,30473.0,197422.0
12647,7776.0,7703.0,7430.0,7802.0,7677.0,12145.0,12222.0,30000.0,30789.0,30655.0,14205.0,29929.0,198333.0
12762,7477.0,7274.0,7264.0,7336.0,7269.0,11676.0,11927.0,29206.0,29084.0,29199.0,12870.0,28945.0,189527.0
12764,7015.0,6767.0,6949.0,6879.0,6878.0,10863.0,11272.0,27216.0,27602.0,27419.0,12016.0,27282.0,178158.0
12769,6718.0,6595.0,6798.0,6666.0,6995.0,10820.0,11282.0,26991.0,27435.0,27308.0,11762.0,27111.0,176481.0
12774,6718.0,6561.0,6671.0,6636.0,6679.0,10734.0,11140.0,26902.0,27233.0,27001.0,11676.0,27080.0,175031.0
12778,6727.0,6571.0,6713.0,6779.0,6811.0,10822.0,11141.0,27004.0,27566.0,27073.0,11757.0,27175.0,176139.0
12779,6718.0,6624.0,6806.0,6806.0,6741.0,10820.0,11215.0,26967.0,27260.0,27093.0,11736.0,27365.0,176151.0
12784,6767.0,6736.0,6786.0,6722.0,6746.0,10840.0,11219.0,26902.0,27338.0,27041.0,11761.0,27143.0,176001.0
12792,6718.0,6561.0,6669.0,6636.0,6685.0,10750.0,11141.0,26902.0,27233.0,27001.0,11676.0,27077.0,175049.0
12798,6808.0,6650.0,6773.0,6763.0,6716.0,10809.0,11211.0,26942.0,27310.0,27085.0,11782.0,27100.0,175949.0
12799,6827.0,6683.0,6737.0,6648.0,6748.0,10742.0,11142.0,26902.0,27332.0,27055.0,11747.0,27147.0,175710.0
12801,6742.0,6624.0,6710.0,6697.0,6739.0,10834.0,11171.0,26965.0,27340.0,27034.0,11771.0,27160.0,175787.0
12804,6789.0,6561.0,6765.0,6728.0,6757.0,10776.0,11173.0,26902.0,27305.0,27114.0,11765.0,27162.0,175797.0
12805,6785.0,6693.0,6705.0,6761.0,6695.0,10804.0,11176.0,26967.0,27394.0,27080.0,11825.0,27138.0,176023.0
12864,6788.0,6626.0,6792.0,6668.0,6704.0,10742.0,11241.0,27025.0,27260.0,27062.0,11738.0,27129.0,175775.0
12866,6888.0,6566.0,6792.0,6674.0,6704.0,10742.0,11149.0,26914.0,27302.0,27062.0,11738.0,27135.0,175666.0
12867,6789.0,6610.0,6696.0,6685.0,6685.0,10802.0,11190.0,27013.0,27313.0,27020.0,11786.0,27080.0,175669.0
12869,6789.0,6610.0,6706.0,6685.0,6685.0,10802.0,11190.0,27013.0,27313.0,27020.0,11786.0,27080.0,175679.0
12882,6857.0,6628.0,6798.0,6707.0,6946.0,10845.0,11246.0,26964.0,27311.0,27064.0,11806.0,27111.0,176283.0
12912,7937.0,7796.0,7662.0,7754.0,8154.0,12524.0,12039.0,31523.0,30680.0,31920.0,13698.0,30001.0,201688.0
12920,6718.0,6561.0,6672.0,6636.0,6740.0,10750.0,11141.0,26902.0,27281.0,27001.0,11707.0,27080.0,175189.0
12923,7141.0,7029.0,7161.0,7083.0,7198.0,11155.0,11469.0,27406.0,27853.0,27609.0,12077.0,27699.0,180880.0
12930,6718.0,6561.0,6671.0,6636.0,6685.0,10738.0,11141.0,26902.0,27233.0,27001.0,11676.0,27080.0,175042.0
12932,6718.0,6561.0,6671.0,6636.0,6685.0,10750.0,11133.0,26902.0,27233.0,27001.0,11676.0,27080.0,175046.0
12949,7842.0,7686.0,7600.0,7816.0,7679.0,12345.0,12581.0,30125.0,31309.0,30870.0,13628.0,30669.0,200150.0
12972,6747.0,6568.0,6684.0,6704.0,6685.0,10750.0,11144.0,26902.0,27239.0,27001.0,11723.0,27080.0,175227.0
12974,8013.0,7777.0,8053.0,7932.0,8041.0,12080.0,12493.0,30871.0,30143.0,30524.0,13614.0,30945.0,200486.0
12994,6747.0,6569.0,6676.0,6673.0,6685.0,10750.0,11141.0,26902.0,27233.0,27015.0,11676.0,27080.0,175147.0
12995,6718.0,6568.0,6737.0,6636.0,6687.0,10750.0,11141.0,26902.0,27284.0,27005.0,11676.0,27080.0,175184.0
12996,6745.0,6598.0,6671.0,6641.0,6685.0,10750.0,11141.0,26934.0,27233.0,27006.0,11685.0,27080.0,175169.0
12997,7097.0,6853.0,7294.0,6945.0,7064.0,11146.0,11307.0,27292.0,27473.0,27425.0,12012.0,27417.0,179325.0
13003,7900.0,7763.0,7673.0,7681.0,7716.0,11981.0,12091.0,28386.0,29181.0,28583.0,13385.0,28955.0,191295.0
13021,7565.0,7658.0,7684.0,7467.0,7829.0,12601.0,12602.0,30363.0,31061.0,31071.0,13517.0,30205.0,199623.0
13025,6848.0,6623.0,6700.0,6714.0,6753.0,10742.0,11218.0,26998.0,27336.0,27044.0,11781.0,27139.0,175896.0
13028,7904.0,7809.0,7825.0,8084.0,7735.0,11738.0,12129.0,28809.0,29660.0,29215.0,12998.0,29001.0,192907.0
13029,6751.0,6622.0,6683.0,6713.0,6871.0,10753.0,11154.0,26970.0,27343.0,27029.0,11692.0,27183.0,175764.0
13030,7324.0,7426.0,7551.0,7404.0,7614.0,11760.0,11998.0,29974.0,29904.0,29964.0,13068.0,29932.0,193919.0
13031,6766.0,6610.0,6765.0,6749.0,6723.0,10787.0,11157.0,26971.0,27330.0,27069.0,11764.0,27200.0,175891.0
13032,6775.0,6668.0,6704.0,6699.0,6767.0,10842.0,11178.0,26989.0,27277.0,27081.0,11740.0,27172.0,175892.0
13033,7304.0,7507.0,7247.0,7578.0,7612.0,11343.0,11631.0,29616.0,30775.0,29450.0,12711.0,29489.0,192263.0
13035,6819.0,6632.0,6692.0,6646.0,6730.0,10742.0,11175.0,26916.0,27276.0,27053.0,11713.0,27166.0,175560.0
13036,6838.0,6600.0,6749.0,6725.0,6722.0,10851.0,11214.0,26931.0,27346.0,27112.0,11814.0,27128.0,176030.0
13038,6873.0,6674.0,6703.0,6669.0,6769.0,10803.0,11203.0,27026.0,27309.0,27054.0,11718.0,27127.0,175928.0
13041,6826.0,6645.0,6780.0,6636.0,6731.0,10750.0,11311.0,27022.0,27295.0,27029.0,11731.0,27133.0,175889.0
13045,6751.0,6682.0,6793.0,6636.0,6738.0,10772.0,11226.0,26909.0,27241.0,27001.0,11779.0,27096.0,175624.0
13046,6738.0,6622.0,6763.0,6704.0,6789.0,10838.0,11141.0,27012.0,27336.0,27078.0,11773.0,27104.0,175898.0
13050,6778.0,6604.0,6807.0,6669.0,6727.0,10750.0,11180.0,27005.0,27309.0,27095.0,11775.0,27150.0,175849.0
13052,6957.0,6588.0,6694.0,6750.0,6797.0,10811.0,11187.0,26907.0,27263.0,27070.0,11736.0,27080.0,175840.0
13053,6828.0,6787.0,6818.0,6757.0,6696.0,10750.0,11166.0,26941.0,27312.0,27049.0,11726.0,27219.0,176049.0
13054,6787.0,6676.0,6701.0,6767.0,6739.0,10750.0,11179.0,27061.0,27309.0,27091.0,11762.0,27170.0,175992.0
13056,6786.0,6706.0,6782.0,6852.0,6751.0,10777.0,11235.0,26902.0,27357.0,27110.0,11723.0,27080.0,176061.0
13058,6901.0,6838.0,6713.0,6732.0,6699.0,10765.0,11141.0,26951.0,27335.0,27034.0,11710.0,27142.0,175961.0
13063,6764.0,6647.0,6734.0,6675.0,6790.0,10787.0,11193.0,26968.0,27284.0,27078.0,11771.0,27080.0,175771.0
13066,6810.0,6639.0,6772.0,6696.0,6829.0,10786.0,11176.0,26973.0,27329.0,27051.0,11733.0,27116.0,175910.0
13067,6803.0,6645.0,6711.0,6660.0,6685.0,10753.0,11240.0,26953.0,27505.0,27049.0,11717.0,27107.0,175828.0
13070,7700.0,7714.0,7706.0,7713.0,7989.0,12412.0,12367.0,30694.0,31435.0,30546.0,13722.0,30786.0,200784.0
13076,6752.0,6643.0,6812.0,6683.0,6798.0,10742.0,11162.0,26979.0,27353.0,27409.0,11730.0,27118.0,176181.0
13078,6732.0,6575.0,6735.0,6652.0,6894.0,10831.0,11275.0,26928.0,27264.0,27038.0,11707.0,27143.0,175774.0
13079,6774.0,6622.0,6730.0,6683.0,6782.0,10801.0,11282.0,26902.0,27266.0,27129.0,11768.0,27186.0,175925.0
13080,6721.0,6674.0,6710.0,6663.0,6797.0,10812.0,11218.0,26972.0,27348.0,27054.0,11759.0,27130.0,175858.0
13081,6747.0,6597.0,6732.0,6912.0,6855.0,10767.0,11206.0,26945.0,27308.0,27170.0,11733.0,27176.0,176148.0
13082,6782.0,6577.0,6723.0,6689.0,6720.0,10742.0,11183.0,26924.0,27318.0,27107.0,11733.0,27205.0,175703.0
13083,6923.0,6786.0,6861.0,6799.0,6826.0,10790.0,11202.0,27028.0,27416.0,27138.0,11896.0,27393.0,177058.0
13084,6759.0,6600.0,6731.0,6716.0,6816.0,10847.0,11180.0,26905.0,27303.0,27040.0,11809.0,27098.0,175804.0
13085,6732.0,6630.0,6865.0,6709.0,6770.0,10805.0,11201.0,26902.0,27365.0,27037.0,11753.0,27137.0,175906.0
13086,7946.0,7556.0,7519.0,7849.0,7668.0,12407.0,12154.0,29879.0,30530.0,29858.0,13528.0,30605.0,197499.0
13090,6824.0,6573.0,6780.0,6712.0,6685.0,10750.0,11156.0,26946.0,27271.0,27047.0,11752.0,27154.0,175650.0
13091,6814.0,6633.0,6784.0,6636.0,6749.0,10779.0,11180.0,26988.0,27233.0,27042.0,11752.0,27104.0,175694.0
13095,7684.0,7707.0,7764.0,7707.0,8045.0,12367.0,12347.0,30819.0,31232.0,30555.0,13699.0,30748.0,200674.0
13099,7822.0,7732.0,7567.0,7543.0,7610.0,11828.0,12098.0,29871.0,29623.0,29549.0,13444.0,30225.0,194912.0
13100,7429.0,7398.0,7392.0,7617.0,7602.0,11803.0,11762.0,29471.0,29483.0,29048.0,12645.0,28927.0,190577.0
13103,7073.0,7011.0,7053.0,6941.0,6941.0,11014.0,11275.0,27442.0,27991.0,27588.0,12129.0,27514.0,179972.0
13104,6783.0,6639.0,6761.0,6689.0,6720.0,10786.0,11206.0,27020.0,27267.0,27237.0,11676.0,27411.0,176195.0
13119,6718.0,6741.0,6760.0,6712.0,6709.0,10745.0,11141.0,26951.0,27355.0,27097.0,11765.0,27152.0,175846.0
13122,6718.0,6561.0,6669.0,6636.0,6685.0,10748.0,11141.0,26895.0,27233.0,27001.0,11676.0,27080.0,175043.0
13174,6718.0,6561.0,6671.0,6636.0,6679.0,10740.0,11140.0,26902.0,27233.0,27001.0,11676.0,27080.0,175037.0
13177,6718.0,6561.0,6671.0,6631.0,6679.0,10740.0,11140.0,26902.0,27233.0,27001.0,11676.0,27080.0,175032.0
13184,6708.0,6561.0,6671.0,6631.0,6679.0,10735.0,11119.0,26902.0,27233.0,27001.0,11676.0,27080.0,174996.0
13185,6718.0,6561.0,6671.0,6631.0,6679.0,10750.0,11107.0,26902.0,27233.0,27001.0,11662.0,27080.0,174995.0
13186,8078.0,8343.0,8181.0,7900.0,8240.0,13091.0,13304.0,32036.0,31728.0,31621.0,14099.0,31363.0,207984.0
13187,6708.0,6561.0,6671.0,6631.0,6679.0,10738.0,11119.0,26902.0,27233.0,27001.0,11676.0,27080.0,174999.0
13190,6708.0,6561.0,6671.0,6631.0,6679.0,10733.0,11119.0,26902.0,27233.0,27001.0,11676.0,27080.0,174994.0
13191,7787.0,7879.0,8001.0,7770.0,7586.0,11999.0,12289.0,28739.0,29381.0,28458.0,13017.0,28358.0,191264.0
13193,7979.0,7597.0,7773.0,7621.0,7661.0,12598.0,12260.0,30145.0,30854.0,30199.0,13388.0,30100.0,198175.0
13194,6819.0,6610.0,6767.0,6674.0,6906.0,10774.0,11196.0,26980.0,27322.0,27093.0,11733.0,27107.0,175981.0
13196,6816.0,6691.0,6958.0,6724.0,6749.0,10761.0,11141.0,26971.0,27292.0,27096.0,11819.0,27101.0,176119.0
13206,7569.0,7926.0,7781.0,7798.0,7757.0,11882.0,12319.0,29026.0,29186.0,28940.0,13314.0,29072.0,192570.0
13208,6815.0,6582.0,6778.0,6779.0,6761.0,10843.0,11163.0,26918.0,27272.0,27022.0,11828.0,27158.0,175919.0
13215,7905.0,7762.0,7642.0,7643.0,7833.0,12600.0,12620.0,30798.0,31167.0,30867.0,13547.0,30379.0,200763.0
13223,6890.0,6725.0,6827.0,6877.0,6974.0,10889.0,11386.0,27106.0,27428.0,27305.0,11781.0,27192.0,177380.0
13228,7420.0,7405.0,7403.0,7365.0,7350.0,11412.0,12083.0,28272.0,28539.0,28258.0,12386.0,28260.0,186153.0
13231,7459.0,7810.0,7763.0,7520.0,7750.0,11934.0,12145.0,29004.0,29610.0,29314.0,13092.0,29092.0,192493.0
13233,7799.0,7742.0,7736.0,7754.0,7820.0,12180.0,12132.0,30621.0,30362.0,30415.0,13388.0,29968.0,197917.0
13236,7263.0,7344.0,7302.0,7220.0,7391.0,11651.0,12178.0,30162.0,30491.0,30017.0,12992.0,29762.0,193773.0
13288,6819.0,6609.0,6774.0,6732.0,6685.0,10780.0,11204.0,26924.0,27306.0,27001.0,11832.0,27141.0,175807.0
13291,6791.0,6597.0,6707.0,6700.0,6685.0,10749.0,11141.0,26944.0,27282.0,27026.0,11740.0,27107.0,175469.0
13299,6802.0,6701.0,6758.0,6726.0,6705.0,10774.0,11273.0,26927.0,27368.0,27061.0,11768.0,27139.0,176002.0
13313,7331.0,7356.0,7299.0,7216.0,7373.0,11202.0,11585.0,28003.0,28235.0,27934.0,12387.0,27947.0,183868.0
13315,7238.0,7200.0,7514.0,7329.0,7347.0,11213.0,11617.0,27879.0,28248.0,27890.0,12387.0,27777.0,183639.0
13316,7149.0,7179.0,7197.0,7265.0,7366.0,11170.0,11528.0,27613.0,28103.0,27655.0,12210.0,27771.0,182206.0
13319,7205.0,7230.0,7311.0,7205.0,7275.0,11161.0,11546.0,27737.0,28174.0,27876.0,12557.0,27996.0,183273.0
13320,7097.0,6909.0,7057.0,6867.0,7057.0,11032.0,11528.0,27268.0,27889.0,27556.0,12185.0,27440.0,179885.0
13324,7062.0,7008.0,6977.0,6883.0,6944.0,10910.0,11518.0,27244.0,27704.0,27398.0,12008.0,27216.0,178872.0
13333,6978.0,6749.0,6854.0,6856.0,6903.0,10949.0,11371.0,27127.0,27516.0,27285.0,12029.0,27182.0,177799.0
13335,6945.0,6743.0,6989.0,6988.0,6898.0,10945.0,11332.0,27217.0,27646.0,27542.0,11980.0,27349.0,178574.0
13350,7697.0,7673.0,7692.0,7772.0,7761.0,12323.0,12089.0,28225.0,29180.0,28464.0,13042.0,28500.0,190418.0
13351,7641.0,7363.0,7718.0,7590.0,7878.0,11816.0,12429.0,29376.0,29376.0,29871.0,13391.0,29444.0,193893.0
13353,6978.0,6819.0,6942.0,6890.0,6842.0,10958.0,11245.0,27277.0,27632.0,27446.0,12031.0,27415.0,178475.0
13354,6750.0,6704.0,6731.0,6700.0,6713.0,10931.0,11222.0,27102.0,27390.0,27193.0,11806.0,27247.0,176489.0
13355,6720.0,6644.0,6692.0,6636.0,6724.0,10855.0,11165.0,26996.0,27388.0,27160.0,11786.0,27184.0,175950.0
13356,6846.0,6819.0,6809.0,6744.0,6744.0,10931.0,11245.0,27149.0,27443.0,27258.0,11923.0,27292.0,177203.0
13357,6811.0,6768.0,6767.0,6734.0,6740.0,10931.0,11262.0,27045.0,27402.0,27192.0,11863.0,27243.0,176758.0
13359,7515.0,8020.0,7548.0,7964.0,7443.0,11608.0,12232.0,28429.0,28792.0,28438.0,12994.0,28255.0,189238.0
13360,7305.0,7387.0,7387.0,7369.0,7350.0,11750.0,12039.0,29249.0,29297.0,29618.0,12897.0,29197.0,190845.0
13361,7151.0,7139.0,7207.0,7209.0,7082.0,11323.0,11748.0,28434.0,28553.0,28252.0,12351.0,28368.0,184817.0
13362,6823.0,6813.0,6892.0,6725.0,6786.0,10945.0,11307.0,27062.0,27578.0,27183.0,11799.0,27145.0,177058.0
13363,6893.0,6630.0,6737.0,6687.0,6765.0,10806.0,11162.0,26958.0,27331.0,27213.0,11816.0,27139.0,176137.0
13364,6806.0,6642.0,6771.0,6715.0,6741.0,10844.0,11173.0,26986.0,27333.0,27040.0,11749.0,27173.0,175973.0
13365,6720.0,6692.0,6701.0,6665.0,6724.0,10855.0,11159.0,26931.0,27300.0,27059.0,11794.0,27131.0,175731.0
13366,6720.0,6644.0,6692.0,6636.0,6724.0,10833.0,11148.0,27014.0,27378.0,27075.0,11794.0,27149.0,175807.0
13369,6803.0,6586.0,6892.0,6658.0,6785.0,10837.0,11219.0,26920.0,27335.0,27027.0,11740.0,27080.0,175882.0
13370,6718.0,6636.0,6671.0,6636.0,6685.0,10750.0,11140.0,26911.0,27282.0,27100.0,11688.0,27080.0,175297.0
13372,6761.0,6651.0,6742.0,6692.0,6679.0,10750.0,11261.0,27002.0,27309.0,27112.0,11719.0,27106.0,175784.0
13378,6861.0,6691.0,6879.0,6769.0,6685.0,10828.0,11433.0,26956.0,27290.0,27262.0,11832.0,27080.0,176566.0
13386,7026.0,6614.0,6798.0,6741.0,6809.0,10860.0,11213.0,27130.0,27337.0,27131.0,11786.0,27174.0,176619.0
13393,6791.0,6818.0,6907.0,6947.0,6787.0,10965.0,11226.0,27011.0,27483.0,27364.0,11875.0,27251.0,177425.0
13412,7082.0,6704.0,6810.0,6855.0,6900.0,10885.0,11184.0,26954.0,27555.0,27047.0,11837.0,27189.0,177002.0
13427,6764.0,6588.0,6790.0,6689.0,6834.0,10750.0,11251.0,26952.0,27348.0,27008.0,11767.0,27098.0,175839.0
13440,6879.0,6593.0,6766.0,6677.0,6796.0,10809.0,11246.0,26902.0,27300.0,27061.0,11783.0,27095.0,175907.0
13443,6718.0,6561.0,6671.0,6636.0,6685.0,10750.0,11140.0,26902.0,27233.0,27001.0,11676.0,27080.0,175053.0
13445,6809.0,6594.0,6805.0,6706.0,6750.0,10786.0,11141.0,26981.0,27363.0,27064.0,11714.0,27145.0,175858.0
13450,6780.0,6592.0,6777.0,6776.0,6824.0,10750.0,11201.0,26902.0,27377.0,27049.0,11813.0,27080.0,175921.0
13458,6744.0,6629.0,6754.0,6694.0,6844.0,10826.0,11190.0,26916.0,27324.0,27066.0,11733.0,27139.0,175859.0
13461,6827.0,6600.0,6749.0,6775.0,6750.0,10796.0,11261.0,26970.0,27338.0,27047.0,11742.0,27117.0,175972.0
13462,6815.0,6613.0,6754.0,6743.0,6858.0,10852.0,11156.0,27021.0,27310.0,27096.0,11744.0,27121.0,176083.0
13463,6758.0,6658.0,6701.0,6844.0,6687.0,10758.0,11199.0,26902.0,27311.0,27021.0,11760.0,27235.0,175834.0
13485,7764.0,7757.0,7630.0,7719.0,7705.0,12269.0,12474.0,30688.0,30687.0,30447.0,13489.0,30106.0,198735.0
13490,6764.0,6615.0,6678.0,6773.0,6738.0,10789.0,11141.0,26960.0,27326.0,27047.0,11712.0,27171.0,175714.0
13496,6880.0,6794.0,6967.0,6889.0,6879.0,10866.0,11308.0,27135.0,27486.0,27205.0,11936.0,27297.0,177642.0
13497,6831.0,6561.0,6798.0,6709.0,6738.0,10772.0,11147.0,26935.0,27365.0,27037.0,11736.0,27119.0,175748.0
13499,6949.0,6561.0,6761.0,6901.0,6802.0,10804.0,11158.0,26947.0,27337.0,27077.0,11758.0,27098.0,176153.0
13501,6764.0,6572.0,6711.0,6716.0,6738.0,10807.0,11145.0,26901.0,27370.0,27119.0,11770.0,27112.0,175725.0
13502,6770.0,6747.0,6763.0,6697.0,6777.0,10824.0,11200.0,26967.0,27276.0,27084.0,11721.0,27230.0,176056.0
13506,6749.0,6639.0,6866.0,6709.0,6768.0,10816.0,11143.0,26910.0,27290.0,27018.0,11722.0,27131.0,175761.0
13527,6779.0,6585.0,6711.0,6698.0,6710.0,10764.0,11165.0,26931.0,27312.0,27091.0,11690.0,27080.0,175516.0
13545,8024.0,8034.0,8186.0,8136.0,7955.0,12624.0,13136.0,31091.0,31369.0,30715.0,13649.0,31511.0,204430.0
13551,6710.0,6558.0,6669.0,6631.0,6679.0,10749.0,11140.0,26891.0,27232.0,26994.0,11676.0,27076.0,175005.0
13557,6772.0,6639.0,6783.0,6716.0,6734.0,10785.0,11176.0,26960.0,27277.0,27132.0,11729.0,27134.0,175837.0
13561,6945.0,6805.0,6814.0,6793.0,6840.0,10962.0,11348.0,27117.0,27545.0,27273.0,12036.0,27141.0,177619.0
13564,6790.0,6631.0,6727.0,6669.0,6811.0,10893.0,11148.0,27016.0,27362.0,27001.0,11735.0,27080.0,175863.0
13565,6791.0,6620.0,6815.0,6702.0,6749.0,10750.0,11147.0,27046.0,27233.0,27143.0,11785.0,27131.0,175912.0
13566,6718.0,6652.0,6671.0,6680.0,6685.0,10750.0,11141.0,26902.0,27233.0,27077.0,11676.0,27080.0,175265.0
13567,6809.0,6606.0,6775.0,6779.0,6811.0,10822.0,11167.0,26979.0,27438.0,27094.0,11704.0,27163.0,176147.0
13570,6850.0,6663.0,6907.0,6744.0,6722.0,10890.0,11158.0,26932.0,27394.0,27078.0,11759.0,27125.0,176222.0
13575,6720.0,6568.0,6739.0,6734.0,6723.0,10824.0,11172.0,26962.0,27308.0,27019.0,11750.0,27132.0,175651.0
13579,6831.0,6684.0,6763.0,6700.0,6737.0,10776.0,11171.0,26926.0,27381.0,27054.0,11720.0,27243.0,175986.0
13593,7861.0,7808.0,7916.0,7672.0,7953.0,11902.0,12704.0,30015.0,30267.0,29786.0,13640.0,29827.0,197351.0
13595,7508.0,7718.0,7558.0,7633.0,7653.0,11766.0,12153.0,27763.0,28592.0,28517.0,12617.0,28211.0,187689.0
13596,6823.0,6590.0,6682.0,6698.0,6789.0,10781.0,11141.0,26989.0,27316.0,27040.0,11730.0,27259.0,175838.0
13597,6824.0,6630.0,6690.0,6688.0,6767.0,10769.0,11147.0,26961.0,27312.0,27112.0,11763.0,27161.0,175824.0
13655,6771.0,6672.0,6733.0,6684.0,6789.0,10813.0,11276.0,27119.0,27301.0,27010.0,11820.0,27123.0,176111.0
13663,7795.0,7831.0,7859.0,7811.0,7664.0,12970.0,12654.0,30959.0,31160.0,31443.0,13762.0,32223.0,204131.0
13664,6877.0,6614.0,6827.0,6750.0,6850.0,10912.0,11386.0,27021.0,27404.0,27215.0,11949.0,27208.0,177013.0
13682,6774.0,6699.0,6748.0,6668.0,6792.0,10873.0,11189.0,26896.0,27292.0,27060.0,11755.0,27098.0,175844.0
13688,6800.0,6575.0,6740.0,6695.0,6817.0,10809.0,11217.0,26950.0,27308.0,27051.0,11748.0,27092.0,175802.0
13690,6709.0,6559.0,6670.0,6634.0,6678.0,10749.0,11139.0,26899.0,27232.0,27001.0,11676.0,27078.0,175024.0
13694,6717.0,6553.0,6669.0,6635.0,6684.0,10748.0,11140.0,26900.0,27232.0,27001.0,11673.0,27080.0,175032.0
13698,6701.0,6555.0,6669.0,6608.0,6683.0,10749.0,11140.0,26901.0,27232.0,27001.0,11676.0,27080.0,174995.0
13699,6761.0,6636.0,6728.0,6660.0,6685.0,10754.0,11141.0,26911.0,27282.0,27100.0,11688.0,27080.0,175426.0
13731,6830.0,6627.0,6786.0,6747.0,6874.0,10742.0,11232.0,26914.0,27311.0,27073.0,11762.0,27138.0,176036.0
13733,6901.0,6580.0,6728.0,6796.0,6716.0,10791.0,11148.0,26915.0,27303.0,27084.0,11762.0,27194.0,175918.0
13739,6718.0,6561.0,6671.0,6636.0,6679.0,10728.0,11140.0,26902.0,27233.0,27001.0,11676.0,27080.0,175025.0
13740,6765.0,6575.0,6756.0,6698.0,6779.0,10825.0,11141.0,26952.0,27342.0,27088.0,11739.0,27103.0,175763.0
13746,7783.0,7680.0,7675.0,7556.0,8074.0,12324.0,11984.0,29301.0,30433.0,29953.0,13178.0,29918.0,195859.0
13747,7557.0,7662.0,7755.0,7474.0,7634.0,12074.0,12728.0,29785.0,30402.0,29968.0,13533.0,30155.0,196727.0
13748,7436.0,7776.0,7933.0,7465.0,7818.0,11743.0,11920.0,29373.0,29995.0,29527.0,13548.0,29567.0,194101.0
13760,6718.0,6561.0,6671.0,6636.0,6685.0,10750.0,11138.0,26902.0,27233.0,27001.0,11676.0,27076.0,175047.0
13761,6807.0,6662.0,6829.0,6712.0,6736.0,10757.0,11226.0,26943.0,27356.0,27061.0,11818.0,27163.0,176070.0
13766,7650.0,7599.0,7730.0,7586.0,7665.0,12074.0,11970.0,29648.0,29345.0,29304.0,13421.0,29275.0,193267.0
13767,7663.0,7712.0,7765.0,7784.0,8211.0,12155.0,12607.0,30082.0,30180.0,30010.0,13399.0,30143.0,197711.0
13769,7681.0,8117.0,7979.0,7925.0,7835.0,12478.0,12304.0,29911.0,30267.0,29632.0,13735.0,29710.0,197574.0
13771,6745.0,6617.0,6791.0,6802.0,6761.0,10831.0,11214.0,26902.0,27314.0,27120.0,11770.0,27153.0,176020.0
13774,7778.0,7847.0,7795.0,7986.0,7678.0,11552.0,12422.0,28826.0,29659.0,28669.0,13381.0,29349.0,192942.0
13786,6884.0,6585.0,6723.0,6704.0,6703.0,10955.0,11150.0,26934.0,27330.0,27175.0,11722.0,27138.0,176003.0
13797,6833.0,6677.0,6823.0,6777.0,6737.0,10854.0,11229.0,26958.0,27396.0,27133.0,11772.0,27141.0,176330.0
13801,6736.0,6595.0,6707.0,6743.0,6685.0,10799.0,11167.0,26948.0,27306.0,27059.0,11778.0,27162.0,175685.0
13812,6761.0,6636.0,6728.0,6660.0,6724.0,10754.0,11176.0,26911.0,27282.0,27100.0,11688.0,27168.0,175588.0
13815,6924.0,6563.0,6703.0,6693.0,6746.0,10774.0,11232.0,26954.0,27371.0,27114.0,11749.0,27257.0,176080.0
13826,6718.0,6556.0,6666.0,6636.0,6670.0,10750.0,11141.0,26889.0,27233.0,26999.0,11676.0,27068.0,175002.0
13829,6712.0,6561.0,6671.0,6636.0,6679.0,10750.0,11141.0,26889.0,27232.0,27001.0,11676.0,27079.0,175027.0
13837,7798.0,7874.0,7832.0,7929.0,7633.0,12155.0,12732.0,30123.0,30442.0,29677.0,13456.0,29506.0,197157.0
13838,8206.0,7799.0,7815.0,8032.0,7829.0,12050.0,12282.0,29789.0,30211.0,29621.0,13601.0,30066.0,197301.0
13839,7736.0,7834.0,7895.0,7815.0,7816.0,12080.0,12453.0,29581.0,29955.0,30218.0,13656.0,29875.0,196914.0
13844,7533.0,7387.0,7804.0,7539.0,7523.0,11806.0,11762.0,28397.0,28662.0,28811.0,13194.0,28874.0,189292.0
13845,7662.0,7693.0,7463.0,7835.0,7641.0,11903.0,12077.0,28500.0,29418.0,29201.0,13084.0,28531.0,191008.0
13858,7795.0,7671.0,7645.0,7800.0,7841.0,12221.0,12401.0,30396.0,30415.0,30486.0,13240.0,30183.0,198094.0
13860,7715.0,7621.0,7710.0,7795.0,7769.0,11765.0,12346.0,30442.0,30515.0,29723.0,13281.0,29949.0,196631.0
13863,6757.0,6617.0,6721.0,6707.0,6755.0,10762.0,11204.0,26915.0,27353.0,27058.0,11780.0,27113.0,175742.0
13874,6789.0,6621.0,6702.0,6709.0,6724.0,10796.0,11174.0,26975.0,27318.0,27099.0,11789.0,27153.0,175849.0
13883,6882.0,6693.0,6844.0,6722.0,6858.0,10920.0,11232.0,27016.0,27512.0,27233.0,11908.0,27215.0,177035.0
13889,9005.0,9110.0,9208.0,8987.0,8933.0,13542.0,13803.0,28030.0,28549.0,28319.0,13944.0,28284.0,199714.0
13890,10458.0,10534.0,10413.0,10387.0,10441.0,16359.0,16250.0,33579.0,34446.0,33483.0,17692.0,33114.0,237156.0
13893,6799.0,6662.0,6671.0,6938.0,6819.0,10840.0,11165.0,26989.0,27309.0,27077.0,11770.0,27129.0,176168.0
13894,6762.0,6582.0,6698.0,6638.0,6691.0,10826.0,11216.0,26934.0,27307.0,27054.0,11716.0,27167.0,175591.0
13901,7896.0,7743.0,7868.0,7917.0,8120.0,11923.0,12566.0,29670.0,30108.0,30129.0,13414.0,29846.0,197200.0
13903,7659.0,7691.0,7673.0,7463.0,7634.0,11955.0,12181.0,28977.0,29410.0,28325.0,13269.0,29045.0,191282.0
13904,7835.0,8141.0,7589.0,7839.0,7815.0,12635.0,12464.0,30524.0,30484.0,30806.0,13399.0,29855.0,199386.0
13905,6822.0,6618.0,6746.0,6679.0,6679.0,10815.0,11160.0,26908.0,27320.0,27166.0,11676.0,27225.0,175814.0
13907,7475.0,7406.0,7657.0,7435.0,7611.0,11610.0,11908.0,28837.0,29353.0,29395.0,12824.0,29187.0,190698.0
13908,6723.0,6625.0,6681.0,6653.0,6681.0,10877.0,11220.0,26948.0,27280.0,27037.0,11703.0,27163.0,175591.0
13911,8117.0,7800.0,7765.0,7646.0,7684.0,12561.0,12047.0,29170.0,29580.0,29671.0,13345.0,30066.0,195452.0
13912,7908.0,8190.0,7751.0,7943.0,7856.0,12186.0,12353.0,29187.0,29880.0,29204.0,13425.0,29092.0,194975.0
13923,6824.0,6638.0,6747.0,6767.0,6804.0,10767.0,11213.0,26992.0,27242.0,27074.0,11777.0,27182.0,176027.0
13929,7863.0,7715.0,7803.0,7726.0,7914.0,12339.0,12342.0,29985.0,30476.0,29764.0,13725.0,29816.0,197468.0
13930,7574.0,8066.0,7786.0,7960.0,8144.0,12737.0,12496.0,29673.0,29893.0,29752.0,13487.0,29686.0,197254.0
13931,7751.0,7754.0,7676.0,7841.0,7864.0,12160.0,12353.0,29701.0,30261.0,30142.0,13455.0,30020.0,196978.0
13936,7752.0,7595.0,7473.0,7691.0,7552.0,11956.0,12358.0,29489.0,30295.0,30406.0,13232.0,29753.0,195552.0
13938,7610.0,7398.0,7030.0,7177.0,7322.0,11208.0,11400.0,27547.0,28115.0,27796.0,12590.0,27747.0,182940.0
13939,7848.0,7666.0,7704.0,7860.0,7799.0,12226.0,12410.0,29443.0,30453.0,30158.0,13754.0,30204.0,197525.0
13941,7634.0,7682.0,7738.0,7787.0,7797.0,12153.0,12455.0,30127.0,30366.0,30966.0,13749.0,30744.0,199198.0
13942,7672.0,7744.0,7882.0,7987.0,7663.0,12276.0,12148.0,29929.0,30872.0,30419.0,13029.0,30119.0,197740.0
13943,7538.0,7382.0,7086.0,7225.0,7239.0,11210.0,11346.0,27504.0,28078.0,27805.0,12532.0,27772.0,182717.0
13944,7788.0,7933.0,7865.0,7458.0,7727.0,12054.0,12277.0,30136.0,31114.0,31063.0,13434.0,30501.0,199350.0
13945,8078.0,7761.0,7795.0,7867.0,7722.0,12465.0,12476.0,30284.0,30589.0,30098.0,13539.0,30540.0,199214.0
13946,7259.0,6942.0,7085.0,6906.0,7313.0,11138.0,11328.0,27597.0,27922.0,27495.0,12476.0,27670.0,181131.0
13947,7610.0,7585.0,7525.0,7876.0,7811.0,12122.0,12401.0,30127.0,30142.0,29918.0,13428.0,30174.0,196719.0
13949,6824.0,6631.0,6751.0,6722.0,6739.0,10750.0,11141.0,26947.0,27242.0,27106.0,11797.0,27110.0,175760.0
13950,7932.0,7751.0,7618.0,7852.0,7692.0,12190.0,12753.0,30053.0,31100.0,30526.0,13593.0,30346.0,199406.0
13958,6791.0,6641.0,6709.0,6678.0,6721.0,10750.0,11152.0,26921.0,27287.0,27045.0,11689.0,27122.0,175506.0
13959,6772.0,6645.0,6698.0,6721.0,6766.0,10807.0,11157.0,26918.0,27256.0,27060.0,11838.0,27093.0,175731.0
13972,6778.0,6660.0,6796.0,6631.0,6679.0,10749.0,11140.0,27061.0,27369.0,27076.0,11816.0,27144.0,175899.0
13974,6788.0,6632.0,6729.0,6695.0,6784.0,10750.0,11199.0,26902.0,27302.0,27039.0,11684.0,27080.0,175584.0
13975,6718.0,6560.0,6666.0,6636.0,6685.0,10735.0,11141.0,26902.0,27233.0,26994.0,11676.0,27074.0,175020.0
13977,6718.0,6561.0,6671.0,6636.0,6685.0,10750.0,11141.0,26902.0,27233.0,27001.0,11676.0,27144.0,175118.0
13979,6718.0,6561.0,6671.0,6636.0,6685.0,10750.0,11141.0,26902.0,27233.0,27018.0,11676.0,27080.0,175071.0
13980,6718.0,6561.0,6671.0,6636.0,6685.0,10750.0,11141.0,26930.0,27233.0,27001.0,11676.0,27080.0,175082.0
13982,6783.0,6647.0,6742.0,6682.0,6760.0,10768.0,11155.0,26951.0,27262.0,27055.0,11774.0,27129.0,175708.0
13999,7728.0,8086.0,7929.0,8212.0,7903.0,12082.0,12415.0,29274.0,29882.0,30581.0,13612.0,30563.0,198267.0
14031,6718.0,6561.0,6671.0,6635.0,6685.0,10748.0,11141.0,26876.0,27231.0,27001.0,11676.0,27080.0,175023.0
14033,6718.0,6561.0,6671.0,6631.0,6679.0,10728.0,11127.0,26902.0,27233.0,26998.0,11676.0,27062.0,174986.0
14047,7748.0,7681.0,7620.0,7773.0,7472.0,11543.0,11969.0,28935.0,29421.0,28919.0,13598.0,29178.0,191857.0
14048,7767.0,7610.0,7634.0,7768.0,7652.0,11756.0,12107.0,28878.0,29955.0,29104.0,13570.0,29498.0,193299.0
14050,7606.0,7784.0,7883.0,7774.0,8038.0,12153.0,12024.0,29729.0,30540.0,29461.0,14022.0,29668.0,196682.0
14051,7820.0,7665.0,7558.0,7601.0,7780.0,12030.0,12116.0,29275.0,29762.0,30022.0,13641.0,29837.0,195107.0
14053,7538.0,7382.0,7030.0,7177.0,7239.0,11208.0,11346.0,27504.0,28078.0,27796.0,12532.0,27747.0,182577.0
14056,7681.0,7375.0,7446.0,7534.0,7462.0,11438.0,11698.0,28900.0,29230.0,28589.0,13352.0,28882.0,189587.0
14057,7623.0,7681.0,7620.0,7561.0,7472.0,11543.0,11922.0,28935.0,29421.0,28919.0,13598.0,29178.0,191473.0
14064,6702.0,6554.0,6669.0,6636.0,6682.0,10735.0,11133.0,26889.0,27230.0,27001.0,11676.0,27080.0,174987.0
14080,6745.0,6586.0,6912.0,6661.0,6753.0,10877.0,11162.0,26975.0,27352.0,27026.0,11750.0,27087.0,175886.0
14090,6840.0,6572.0,6743.0,6687.0,6772.0,10750.0,11205.0,26937.0,27301.0,27065.0,11745.0,27131.0,175748.0
14092,7700.0,7759.0,7819.0,7690.0,7994.0,12333.0,12328.0,30665.0,31406.0,30584.0,13655.0,30760.0,200693.0
14126,6758.0,6552.0,6709.0,6771.0,6727.0,10801.0,11201.0,26907.0,27338.0,27093.0,11675.0,27187.0,175719.0
14130,6780.0,6561.0,6803.0,6684.0,6692.0,10867.0,11191.0,26938.0,27264.0,27001.0,11676.0,27153.0,175610.0
14136,7631.0,7679.0,7734.0,7526.0,7828.0,12519.0,12573.0,30295.0,31138.0,31067.0,13416.0,30331.0,199737.0
14143,6717.0,6556.0,6667.0,6629.0,6670.0,10750.0,11138.0,26898.0,27227.0,26991.0,11676.0,27061.0,174980.0
14146,6710.0,6561.0,6671.0,6635.0,6679.0,10750.0,11134.0,26902.0,27232.0,26993.0,11674.0,27076.0,175017.0
14147,6709.0,6561.0,6669.0,6621.0,6679.0,10746.0,11139.0,26901.0,27230.0,26994.0,11670.0,27073.0,174992.0
14148,6705.0,6561.0,6669.0,6621.0,6678.0,10746.0,11139.0,26902.0,27227.0,26992.0,11669.0,27079.0,174988.0
14170,6715.0,6558.0,6669.0,6621.0,6678.0,10746.0,11127.0,26899.0,27224.0,26994.0,11668.0,27078.0,174977.0
14184,6740.0,6673.0,6710.0,6713.0,6751.0,10843.0,11205.0,26920.0,27418.0,27049.0,11709.0,27119.0,175850.0
14186,7826.0,7684.0,7737.0,7993.0,7747.0,12775.0,12556.0,30201.0,31202.0,30355.0,13498.0,30601.0,200175.0
14187,6802.0,6561.0,6703.0,6662.0,6776.0,10832.0,11240.0,26983.0,27285.0,27064.0,11821.0,27099.0,175828.0
14188,7779.0,7769.0,7783.0,7705.0,8019.0,12464.0,12429.0,30831.0,31331.0,30617.0,13607.0,30686.0,201020.0
14189,7726.0,7782.0,7783.0,7678.0,8019.0,12464.0,12351.0,30775.0,31406.0,30615.0,13640.0,30760.0,200999.0
14191,6895.0,6723.0,6796.0,6776.0,6730.0,10758.0,11225.0,26902.0,27244.0,27078.0,11755.0,27134.0,176016.0
14192,6718.0,6580.0,6711.0,6639.0,6679.0,10767.0,11176.0,26902.0,27275.0,27048.0,11695.0,27080.0,175270.0
14195,7716.0,7770.0,7783.0,7678.0,8019.0,12464.0,12351.0,30775.0,31406.0,30615.0,13640.0,30760.0,200977.0
14196,7855.0,7680.0,7719.0,7992.0,7736.0,12775.0,12556.0,30201.0,31202.0,30355.0,13498.0,30556.0,200125.0
14198,6810.0,6652.0,7023.0,6752.0,6786.0,10863.0,11170.0,27017.0,27333.0,27130.0,11808.0,27156.0,176500.0
14199,7846.0,8098.0,7778.0,7832.0,7977.0,12321.0,12342.0,30267.0,30765.0,30728.0,13761.0,31196.0,200911.0
14200,6805.0,6603.0,6841.0,6708.0,6763.0,10833.0,11208.0,26924.0,27282.0,27032.0,11676.0,27108.0,175783.0
14201,6817.0,6561.0,6784.0,6630.0,6714.0,10790.0,11228.0,26940.0,27310.0,27034.0,11722.0,27091.0,175621.0
14202,6811.0,6607.0,6813.0,6695.0,6726.0,10750.0,11141.0,26938.0,27329.0,27056.0,11784.0,27152.0,175802.0
14204,6823.0,6703.0,6729.0,6688.0,6732.0,10738.0,11141.0,26927.0,27345.0,27061.0,11763.0,27155.0,175805.0
14205,7851.0,7773.0,7887.0,7714.0,7731.0,11925.0,12509.0,30068.0,30301.0,30095.0,13464.0,30246.0,197564.0
14207,6832.0,6647.0,6720.0,6709.0,6750.0,10787.0,11155.0,26943.0,27285.0,27064.0,11796.0,27163.0,175851.0
14210,6718.0,6561.0,6669.0,6636.0,6685.0,10745.0,11141.0,26902.0,27233.0,27001.0,11676.0,27080.0,175047.0
14215,7596.0,7911.0,7747.0,7805.0,7708.0,12239.0,12787.0,30159.0,30184.0,30359.0,13279.0,29724.0,197498.0
14217,7842.0,7714.0,7654.0,7866.0,7762.0,12796.0,12479.0,30141.0,31173.0,30288.0,13675.0,30500.0,199890.0
14221,7075.0,6747.0,6965.0,6941.0,6908.0,10893.0,11268.0,27404.0,27704.0,27386.0,12122.0,27450.0,178863.0
14226,7577.0,7477.0,7655.0,7716.0,7577.0,12609.0,12374.0,29758.0,30801.0,30043.0,13428.0,30272.0,197287.0
14256,9376.0,9247.0,9297.0,9162.0,9523.0,12726.0,11950.0,27735.0,28201.0,27741.0,13960.0,27679.0,196597.0
14268,7842.0,7890.0,7807.0,7816.0,7861.0,12401.0,12590.0,30029.0,31202.0,31256.0,13851.0,30679.0,201224.0
14271,6783.0,6615.0,6763.0,6755.0,6817.0,10805.0,11186.0,26975.0,27297.0,27031.0,11728.0,27115.0,175870.0
14272,6822.0,6779.0,6778.0,6765.0,6685.0,10787.0,11191.0,26900.0,27297.0,27103.0,11786.0,27161.0,176054.0
14273,7770.0,7745.0,7701.0,7938.0,7721.0,12806.0,12496.0,30168.0,31268.0,30444.0,13606.0,30392.0,200055.0
14274,7807.0,7920.0,7843.0,7895.0,7866.0,12336.0,12697.0,30062.0,31149.0,31356.0,13797.0,30659.0,201387.0
14276,6808.0,6682.0,6738.0,6737.0,6726.0,10776.0,11212.0,26931.0,27292.0,27114.0,11760.0,27080.0,175856.0
14277,7794.0,7743.0,7757.0,7840.0,7717.0,12759.0,12573.0,30141.0,31239.0,30353.0,13522.0,30488.0,199926.0
14278,6826.0,6747.0,6786.0,6730.0,6772.0,10787.0,11147.0,26921.0,27305.0,27043.0,11770.0,27113.0,175947.0
14280,7840.0,7580.0,7700.0,7941.0,7737.0,12802.0,12517.0,30143.0,31241.0,30345.0,13601.0,30495.0,199942.0
14281,7788.0,7925.0,7857.0,7837.0,7884.0,12330.0,12666.0,29989.0,31173.0,31406.0,13875.0,30663.0,201393.0
14282,7767.0,7617.0,7712.0,7908.0,7778.0,12807.0,12491.0,30075.0,31281.0,30289.0,13624.0,30466.0,199815.0
14283,7873.0,7712.0,7826.0,7876.0,7773.0,12782.0,12498.0,30152.0,31202.0,30419.0,13497.0,30407.0,200017.0
14285,7574.0,7646.0,7736.0,7520.0,7895.0,12558.0,12570.0,30257.0,31137.0,31178.0,13472.0,30373.0,199916.0
14292,6745.0,6614.0,6728.0,6797.0,6788.0,10853.0,11141.0,26921.0,27275.0,27050.0,11745.0,27099.0,175756.0
14298,6809.0,6602.0,6723.0,6631.0,6679.0,10749.0,11140.0,26920.0,27292.0,27050.0,11718.0,27127.0,175440.0
14307,6718.0,6561.0,6671.0,6636.0,6685.0,10738.0,11133.0,26902.0,27233.0,27001.0,11676.0,27080.0,175034.0
14331,6874.0,6647.0,6685.0,6724.0,6766.0,10802.0,11162.0,26902.0,27238.0,27104.0,11724.0,27144.0,175772.0
14332,6856.0,6648.0,6747.0,6736.0,6738.0,10761.0,11233.0,26959.0,27288.0,27001.0,11739.0,27136.0,175842.0
14339,6765.0,6593.0,6738.0,6722.0,6794.0,10754.0,11152.0,26902.0,27345.0,27044.0,11720.0,27080.0,175609.0
14340,6718.0,6561.0,6671.0,6635.0,6676.0,10745.0,11141.0,26869.0,27231.0,27001.0,11676.0,27080.0,175004.0
14341,6718.0,6561.0,6671.0,6636.0,6684.0,10725.0,11133.0,26873.0,27233.0,26989.0,11676.0,27077.0,174976.0
14353,7969.0,8077.0,7968.0,7811.0,8102.0,11993.0,12286.0,29924.0,29870.0,30171.0,12920.0,30241.0,197332.0
14354,7840.0,7576.0,7755.0,7885.0,7716.0,12806.0,12491.0,30121.0,31202.0,30370.0,13679.0,30447.0,199888.0
14355,7098.0,6868.0,6956.0,6959.0,6923.0,10976.0,11323.0,27323.0,27717.0,27379.0,12039.0,27502.0,179063.0
14396,7092.0,6980.0,6822.0,6970.0,6876.0,10858.0,11238.0,27344.0,27622.0,27193.0,12132.0,27355.0,178482.0
14403,6718.0,6561.0,6671.0,6636.0,6679.0,10740.0,11140.0,26902.0,27233.0,27001.0,11676.0,27065.0,175022.0
14419,6714.0,6550.0,6670.0,6632.0,6681.0,10743.0,11138.0,26899.0,27219.0,26994.0,11676.0,27079.0,174995.0
14423,8321.0,8366.0,8427.0,8340.0,8683.0,13540.0,12765.0,34713.0,34390.0,34536.0,15208.0,33338.0,220627.0
14458,6772.0,6633.0,6688.0,6780.0,6721.0,10805.0,11141.0,26923.0,27271.0,27024.0,11703.0,27283.0,175744.0
14470,7843.0,7669.0,7954.0,7721.0,7741.0,12337.0,12353.0,29865.0,30461.0,31109.0,13685.0,31210.0,199948.0
14477,7685.0,7632.0,7686.0,7623.0,7908.0,11793.0,12109.0,30297.0,30665.0,30137.0,13398.0,30473.0,197406.0
14478,7618.0,7659.0,7758.0,7912.0,7837.0,12713.0,12545.0,30418.0,31102.0,30748.0,13432.0,30951.0,200693.0
14479,7446.0,7834.0,7478.0,7570.0,7692.0,11994.0,12548.0,29311.0,29147.0,29691.0,13135.0,29836.0,193682.0
14480,7197.0,6940.0,7184.0,7031.0,7030.0,11439.0,11430.0,28264.0,28551.0,28063.0,12369.0,27977.0,183475.0
14481,7319.0,7282.0,7295.0,7170.0,7188.0,11714.0,11861.0,28937.0,29114.0,28525.0,12890.0,28806.0,188101.0
14482,6985.0,6861.0,6945.0,6951.0,6889.0,11156.0,11309.0,27585.0,27986.0,27944.0,12034.0,27656.0,180301.0
14483,6875.0,6775.0,6846.0,6822.0,6836.0,10960.0,11219.0,27500.0,27893.0,27677.0,11946.0,27528.0,178877.0
14484,6794.0,6561.0,6729.0,6701.0,6744.0,10818.0,11227.0,27119.0,27622.0,27232.0,11811.0,27264.0,176622.0
14489,7884.0,7872.0,8180.0,8118.0,8070.0,12686.0,12515.0,31360.0,31111.0,30851.0,13348.0,30692.0,202687.0
14491,6718.0,6561.0,6671.0,6636.0,6685.0,10750.0,11141.0,26947.0,27233.0,27018.0,11676.0,27123.0,175159.0
14499,6859.0,6720.0,6914.0,6785.0,6762.0,10909.0,11282.0,27023.0,27454.0,27240.0,11888.0,27194.0,177030.0
14507,6812.0,6601.0,6709.0,6731.0,6730.0,10793.0,11156.0,26941.0,27326.0,27080.0,11695.0,27080.0,175654.0
14522,7082.0,6704.0,6810.0,6855.0,6900.0,10885.0,11133.0,26954.0,27466.0,27047.0,11833.0,27189.0,176858.0
14537,6841.0,6753.0,6669.0,6664.0,6809.0,10822.0,11211.0,27034.0,27233.0,27069.0,11801.0,27088.0,175994.0
14553,6832.0,6698.0,6728.0,6675.0,6685.0,10788.0,11251.0,26983.0,27269.0,27086.0,11754.0,27151.0,175900.0
14563,6811.0,6663.0,6728.0,6722.0,6785.0,10769.0,11227.0,27070.0,27306.0,27077.0,11724.0,27080.0,175962.0
14566,6710.0,6554.0,6669.0,6630.0,6684.0,10743.0,11133.0,26890.0,27229.0,26993.0,11676.0,27071.0,174982.0
14567,6710.0,6554.0,6669.0,6630.0,6684.0,10743.0,11133.0,26890.0,27229.0,26993.0,11675.0,27071.0,174981.0
14574,6708.0,6561.0,6666.0,6615.0,6671.0,10732.0,11138.0,26902.0,27232.0,26999.0,11676.0,27076.0,174976.0
14576,6718.0,6561.0,6671.0,6615.0,6681.0,10732.0,11140.0,26902.0,27233.0,27001.0,11676.0,27080.0,175010.0
14592,6718.0,6561.0,6671.0,6635.0,6683.0,10743.0,11133.0,26890.0,27233.0,27001.0,11676.0,27080.0,175024.0
14593,6718.0,6561.0,6671.0,6635.0,6683.0,10738.0,11133.0,26890.0,27233.0,27001.0,11676.0,27080.0,175019.0
14604,6754.0,6631.0,6766.0,6817.0,6737.0,10773.0,11168.0,26908.0,27260.0,27133.0,11751.0,27154.0,175852.0
14642,6819.0,6561.0,6832.0,6684.0,6685.0,10886.0,11141.0,26902.0,27340.0,27001.0,11676.0,27312.0,175839.0
14646,7838.0,7924.0,8189.0,7981.0,8077.0,12259.0,12895.0,30671.0,31148.0,30325.0,13701.0,31226.0,202234.0
14658,6786.0,6561.0,6671.0,6690.0,6685.0,10743.0,11141.0,26954.0,27385.0,27087.0,11870.0,27143.0,175716.0
14692,6963.0,6661.0,6838.0,6807.0,6696.0,10750.0,11149.0,26891.0,27434.0,27103.0,11784.0,27080.0,176156.0
14706,6835.0,6596.0,6671.0,6673.0,6776.0,10882.0,11141.0,26951.0,27331.0,27042.0,11744.0,27120.0,175762.0
14712,6718.0,6561.0,6800.0,6660.0,6722.0,10811.0,11141.0,26902.0,27233.0,27001.0,11676.0,27080.0,175305.0
14714,7082.0,6973.0,6671.0,7000.0,6809.0,10867.0,11141.0,27246.0,27618.0,27265.0,11676.0,27241.0,177589.0
14720,7153.0,7029.0,7161.0,7083.0,7198.0,11155.0,11469.0,27406.0,27853.0,27609.0,12077.0,27644.0,180837.0
14738,6751.0,6628.0,6679.0,6680.0,6705.0,10779.0,11155.0,26905.0,27355.0,27183.0,11761.0,27098.0,175679.0
14739,6781.0,6620.0,6720.0,6663.0,6707.0,10784.0,11240.0,26943.0,27306.0,27088.0,11818.0,27174.0,175844.0
14740,6781.0,6660.0,6912.0,6713.0,6730.0,10812.0,11141.0,27030.0,27277.0,27030.0,11796.0,27128.0,176010.0
14741,6868.0,6702.0,6709.0,6703.0,6752.0,10860.0,11161.0,26983.0,27284.0,27012.0,11761.0,27157.0,175952.0
14743,6783.0,6614.0,6732.0,6663.0,6805.0,10745.0,11141.0,26902.0,27296.0,27101.0,11759.0,27140.0,175681.0
14744,6803.0,6668.0,6755.0,6887.0,6750.0,10860.0,11258.0,26959.0,27295.0,27062.0,11769.0,27143.0,176209.0
14756,6708.0,6561.0,6671.0,6625.0,6685.0,10741.0,11141.0,26890.0,27233.0,27001.0,11676.0,27080.0,175012.0
14770,6718.0,6561.0,6671.0,6636.0,6685.0,10717.0,11135.0,26902.0,27233.0,27001.0,11676.0,27080.0,175015.0
14775,6776.0,6631.0,6779.0,6812.0,6779.0,10749.0,11301.0,26942.0,27382.0,27095.0,11770.0,27144.0,176160.0
14800,6754.0,6667.0,6689.0,6691.0,6736.0,10885.0,11155.0,26951.0,27273.0,27130.0,11745.0,27127.0,175803.0
14801,6791.0,6695.0,6779.0,6719.0,6884.0,10775.0,11172.0,26941.0,27325.0,27167.0,11742.0,27173.0,176163.0
14802,6849.0,6701.0,6751.0,6735.0,6685.0,10746.0,11160.0,26938.0,27324.0,27029.0,11797.0,27161.0,175876.0
14803,6810.0,6638.0,6756.0,6686.0,6712.0,10750.0,11141.0,27032.0,27342.0,27001.0,11740.0,27123.0,175731.0
14804,6840.0,6636.0,6727.0,6723.0,6783.0,10860.0,11191.0,26909.0,27318.0,27069.0,11727.0,27152.0,175935.0
14807,7717.0,7673.0,7662.0,7675.0,7993.0,12415.0,12367.0,30694.0,31466.0,30477.0,13666.0,30769.0,200574.0
14810,7533.0,7587.0,7750.0,7476.0,7859.0,12572.0,12651.0,30229.0,31222.0,31081.0,13553.0,30298.0,199811.0
14811,7869.0,7906.0,7880.0,7814.0,7994.0,12340.0,12357.0,30233.0,30855.0,30677.0,13874.0,31247.0,201046.0
14812,7839.0,7899.0,7765.0,7781.0,7918.0,12330.0,12680.0,29974.0,31112.0,31406.0,13797.0,30718.0,201219.0
14814,6816.0,6589.0,6752.0,6744.0,6790.0,10769.0,11181.0,26902.0,27319.0,27102.0,11787.0,27133.0,175884.0
14815,6745.0,6599.0,6688.0,6668.0,6777.0,10773.0,11233.0,26956.0,27314.0,27002.0,11753.0,27134.0,175642.0
14819,6754.0,6833.0,7123.0,6715.0,6938.0,10890.0,11237.0,27442.0,28493.0,28107.0,12005.0,27527.0,180064.0
14825,6917.0,6983.0,7247.0,7093.0,7964.0,11592.0,12279.0,26944.0,29527.0,27665.0,13248.0,29865.0,187324.0
14830,6720.0,6629.0,6829.0,6722.0,6810.0,10786.0,11174.0,27040.0,27340.0,27069.0,11871.0,27121.0,176111.0
14832,6718.0,6561.0,6726.0,6669.0,6731.0,10750.0,11141.0,26902.0,27233.0,27001.0,11732.0,27080.0,175244.0
14836,6718.0,6561.0,6671.0,6636.0,6685.0,10750.0,11141.0,26902.0,27358.0,27001.0,11676.0,27154.0,175253.0
14841,6718.0,6561.0,6671.0,6636.0,6685.0,10750.0,11141.0,26902.0,27233.0,27005.0,11676.0,27080.0,175058.0
14843,6718.0,6561.0,6671.0,6636.0,6685.0,10750.0,11141.0,26902.0,27233.0,27001.0,11676.0,27147.0,175121.0
14852,6810.0,6601.0,6740.0,6690.0,6777.0,10754.0,11212.0,26959.0,27302.0,27087.0,11746.0,27136.0,175814.0
14853,6834.0,6577.0,6760.0,6760.0,6769.0,10742.0,11163.0,26983.0,27308.0,27144.0,11811.0,27082.0,175933.0
14854,6794.0,6645.0,6767.0,6774.0,6765.0,10812.0,11156.0,27008.0,27345.0,27070.0,11762.0,27176.0,176074.0
14865,6768.0,6653.0,6768.0,6715.0,6689.0,10750.0,11213.0,26902.0,27350.0,27065.0,11794.0,27098.0,175765.0
14877,6772.0,6638.0,6787.0,6660.0,6830.0,10811.0,11166.0,26923.0,27315.0,27071.0,11789.0,27173.0,175935.0
14887,6799.0,6587.0,6720.0,6738.0,6733.0,10787.0,11214.0,26933.0,27279.0,27028.0,11788.0,27085.0,175691.0
14888,7376.0,7385.0,7417.0,7279.0,7417.0,11028.0,11344.0,27865.0,28195.0,27788.0,12558.0,27923.0,183575.0
14892,6788.0,6561.0,6828.0,6660.0,6685.0,10820.0,11193.0,26902.0,27233.0,27028.0,11676.0,27143.0,175517.0
14910,6718.0,6561.0,6671.0,6630.0,6685.0,10746.0,11133.0,26902.0,27233.0,27001.0,11676.0,27080.0,175036.0
14921,6823.0,6667.0,6693.0,6885.0,6691.0,10777.0,11148.0,26934.0,27290.0,27070.0,11773.0,27196.0,175947.0
14927,6718.0,6561.0,6666.0,6636.0,6685.0,10744.0,11141.0,26893.0,27232.0,27001.0,11676.0,27080.0,175033.0
14940,6766.0,6668.0,6868.0,6752.0,6834.0,10811.0,11143.0,26987.0,27473.0,27125.0,11793.0,27203.0,176423.0
14945,7952.0,7796.0,7824.0,7868.0,7676.0,12222.0,12386.0,30191.0,30966.0,30140.0,13306.0,30185.0,198512.0
14947,7649.0,7628.0,7522.0,7830.0,7781.0,12049.0,12567.0,30314.0,30588.0,30426.0,13653.0,30163.0,198170.0
14949,6718.0,6683.0,6833.0,6802.0,6777.0,10754.0,11182.0,26969.0,27342.0,27036.0,11759.0,27201.0,176056.0
14952,7584.0,7673.0,7664.0,7696.0,7869.0,12423.0,12231.0,30572.0,30164.0,30480.0,13403.0,30737.0,198496.0
14953,6771.0,6844.0,6835.0,6687.0,6701.0,10817.0,11290.0,26902.0,27251.0,27043.0,11729.0,27160.0,176030.0
14958,7761.0,7904.0,7693.0,7775.0,7813.0,12542.0,12300.0,29786.0,30914.0,30169.0,13545.0,30633.0,198835.0
14979,7590.0,7658.0,7714.0,7915.0,7768.0,12179.0,12037.0,30379.0,30827.0,30272.0,13856.0,30471.0,198666.0
14984,6739.0,6634.0,6817.0,6738.0,6822.0,10761.0,11160.0,26961.0,27304.0,27088.0,11722.0,27166.0,175912.0
14985,7699.0,7805.0,7463.0,7783.0,7838.0,11935.0,12408.0,30927.0,30234.0,30670.0,13386.0,30735.0,198883.0
14989,7667.0,7938.0,7781.0,7720.0,7841.0,11881.0,12164.0,29989.0,30742.0,30245.0,13750.0,30882.0,198600.0
14999,7708.0,7778.0,7661.0,7931.0,7780.0,12531.0,12707.0,30004.0,30407.0,30391.0,13782.0,30275.0,198955.0
15001,6832.0,6639.0,6873.0,6756.0,6753.0,10773.0,11196.0,26968.0,27280.0,27098.0,11784.0,27136.0,176088.0
15002,6769.0,6747.0,6750.0,6812.0,6703.0,10750.0,11202.0,26910.0,27332.0,27091.0,11788.0,27175.0,176029.0
15005,6814.0,6616.0,6768.0,6724.0,6849.0,10764.0,11141.0,26914.0,27321.0,27069.0,11828.0,27126.0,175934.0
15039,6708.0,6561.0,6671.0,6631.0,6683.0,10748.0,11133.0,26892.0,27232.0,27001.0,11676.0,27080.0,175016.0
15042,6699.0,6561.0,6671.0,6636.0,6685.0,10738.0,11141.0,26901.0,27228.0,27001.0,11671.0,27080.0,175012.0
15065,6768.0,6561.0,6720.0,6646.0,6761.0,10750.0,11141.0,26902.0,27282.0,27001.0,11676.0,27080.0,175288.0
15070,6812.0,6613.0,6685.0,6727.0,6749.0,10815.0,11195.0,26960.0,27316.0,27042.0,11728.0,27152.0,175794.0
15074,6852.0,6742.0,6976.0,6917.0,6929.0,10930.0,11371.0,27163.0,27609.0,27410.0,11953.0,27323.0,178175.0
15075,6787.0,6746.0,6671.0,6660.0,6866.0,10750.0,11149.0,26982.0,27378.0,27073.0,11726.0,27173.0,175961.0
15080,6718.0,6561.0,6671.0,6631.0,6679.0,10747.0,11140.0,26902.0,27233.0,27001.0,11676.0,27080.0,175039.0
15082,7366.0,6975.0,7413.0,6946.0,7046.0,11008.0,11159.0,27676.0,28070.0,27519.0,12334.0,27538.0,181050.0
15093,7901.0,7627.0,7910.0,8002.0,7698.0,11836.0,11926.0,28947.0,29798.0,28798.0,13213.0,28615.0,192271.0
15100,6718.0,6561.0,6671.0,6636.0,6685.0,10750.0,11138.0,26902.0,27233.0,27001.0,11676.0,27080.0,175051.0
15106,6718.0,6561.0,6671.0,6634.0,6685.0,10750.0,11140.0,26902.0,27233.0,27001.0,11676.0,27080.0,175051.0
15120,6718.0,6561.0,6671.0,6636.0,6685.0,10749.0,11133.0,26865.0,27233.0,27001.0,11676.0,27080.0,175008.0
15135,6718.0,6561.0,6671.0,6629.0,6671.0,10746.0,11137.0,26902.0,27233.0,26994.0,11676.0,27075.0,175013.0
15136,6718.0,6561.0,6671.0,6626.0,6671.0,10746.0,11134.0,26902.0,27233.0,26994.0,11676.0,27059.0,174991.0
15137,6710.0,6558.0,6671.0,6626.0,6671.0,10746.0,11134.0,26902.0,27232.0,26994.0,11676.0,27059.0,174979.0
15138,6710.0,6558.0,6669.0,6626.0,6671.0,10746.0,11134.0,26902.0,27232.0,26994.0,11676.0,27059.0,174977.0
15149,6718.0,6633.0,6671.0,6636.0,6685.0,10750.0,11141.0,26958.0,27304.0,27028.0,11676.0,27085.0,175285.0
15151,6751.0,6561.0,6671.0,6636.0,6685.0,10813.0,11141.0,26902.0,27233.0,27045.0,11676.0,27129.0,175243.0
15153,7108.0,7078.0,7128.0,6946.0,7107.0,11380.0,11724.0,29199.0,29341.0,29485.0,12626.0,29219.0,188341.0
15157,6842.0,6611.0,6820.0,6684.0,6790.0,10806.0,11141.0,26979.0,27300.0,27049.0,11805.0,27171.0,175998.0
15160,7052.0,7152.0,6988.0,7061.0,7179.0,10991.0,11478.0,27412.0,27770.0,27808.0,12213.0,27473.0,180577.0
15162,7231.0,7082.0,7097.0,7119.0,7120.0,11030.0,11470.0,27340.0,27592.0,27623.0,12200.0,27488.0,180392.0
15164,9259.0,9535.0,9234.0,9247.0,9041.0,14001.0,14294.0,31080.0,32806.0,32612.0,15302.0,32417.0,218828.0
15173,6747.0,6605.0,6748.0,6722.0,6725.0,10751.0,11227.0,26967.0,27303.0,27084.0,11756.0,27144.0,175779.0
15176,8412.0,8259.0,8599.0,8356.0,8274.0,12652.0,12930.0,29209.0,29748.0,29452.0,13422.0,29020.0,198333.0
15179,6712.0,6561.0,6671.0,6636.0,6677.0,10737.0,11133.0,26902.0,27233.0,27001.0,11676.0,27080.0,175019.0
15180,6713.0,6561.0,6669.0,6633.0,6670.0,10725.0,11133.0,26901.0,27230.0,27001.0,11676.0,27080.0,174992.0
15181,6718.0,6561.0,6669.0,6636.0,6670.0,10732.0,11133.0,26880.0,27228.0,27001.0,11676.0,27080.0,174984.0
15189,6697.0,6561.0,6671.0,6633.0,6674.0,10738.0,11114.0,26902.0,27233.0,27001.0,11676.0,27080.0,174980.0
15190,6701.0,6561.0,6671.0,6631.0,6679.0,10732.0,11133.0,26890.0,27233.0,27001.0,11676.0,27080.0,174988.0
15192,6702.0,6561.0,6669.0,6629.0,6685.0,10738.0,11133.0,26895.0,27233.0,27001.0,11676.0,27080.0,175002.0
15193,6824.0,6590.0,6671.0,6636.0,6786.0,10750.0,11346.0,26986.0,27298.0,27266.0,11676.0,27130.0,175959.0
15195,6718.0,6549.0,6671.0,6630.0,6685.0,10744.0,11133.0,26890.0,27229.0,27001.0,11676.0,27080.0,175006.0
15203,6718.0,6554.0,6666.0,6636.0,6675.0,10734.0,11133.0,26897.0,27233.0,27001.0,11676.0,27058.0,174981.0
15210,6823.0,6843.0,6714.0,6722.0,6741.0,10803.0,11169.0,26902.0,27296.0,27029.0,11739.0,27104.0,175885.0
15212,6811.0,6696.0,6747.0,6710.0,6772.0,10780.0,11264.0,27086.0,27296.0,27047.0,11848.0,27134.0,176191.0
15226,6718.0,6619.0,6671.0,6636.0,6685.0,10750.0,11141.0,26902.0,27233.0,27001.0,11676.0,27080.0,175112.0
15232,6718.0,6561.0,6671.0,6636.0,6679.0,10750.0,11140.0,26902.0,27233.0,27001.0,11676.0,27065.0,175032.0
15237,6779.0,6621.0,6759.0,6661.0,6743.0,10828.0,11241.0,27015.0,27309.0,27072.0,11773.0,27179.0,175980.0
15247,6783.0,6695.0,6773.0,6714.0,6701.0,10882.0,11177.0,26902.0,27254.0,27054.0,11736.0,27096.0,175767.0
15276,6767.0,6590.0,6741.0,6679.0,6837.0,10782.0,11145.0,26982.0,27355.0,27060.0,11782.0,27117.0,175837.0
15277,6792.0,6561.0,6705.0,6716.0,6684.0,10772.0,11160.0,27018.0,27344.0,27043.0,11781.0,27128.0,175704.0
15299,6862.0,6738.0,6750.0,6636.0,6685.0,10745.0,11141.0,26902.0,27306.0,27001.0,11833.0,27156.0,175755.0
15308,6710.0,6558.0,6666.0,6631.0,6679.0,10749.0,11140.0,26891.0,27232.0,26994.0,11675.0,27076.0,175001.0
15323,6718.0,6561.0,6863.0,6636.0,6939.0,10750.0,11192.0,26902.0,27233.0,27001.0,11909.0,27269.0,175973.0
15327,6724.0,6568.0,6680.0,6636.0,6705.0,10750.0,11141.0,26902.0,27235.0,27001.0,11701.0,27080.0,175123.0
15346,6791.0,6630.0,6751.0,6714.0,6755.0,10821.0,11297.0,26940.0,27395.0,27084.0,11676.0,27133.0,175987.0
15348,6718.0,6561.0,6671.0,6634.0,6679.0,10750.0,11140.0,26902.0,27233.0,27001.0,11676.0,27080.0,175045.0
15349,6718.0,6561.0,6669.0,6636.0,6685.0,10750.0,11138.0,26902.0,27233.0,26999.0,11674.0,27080.0,175045.0
15350,6718.0,6561.0,6669.0,6636.0,6685.0,10747.0,11141.0,26901.0,27230.0,27000.0,11670.0,27079.0,175037.0
15357,6743.0,6854.0,7158.0,6786.0,6693.0,11410.0,11334.0,27587.0,28021.0,28319.0,11676.0,27080.0,179661.0
15359,6724.0,6600.0,6731.0,6704.0,6699.0,10776.0,11141.0,26902.0,27282.0,27001.0,11726.0,27080.0,175366.0
15364,7231.0,7392.0,7346.0,7283.0,7198.0,11348.0,11901.0,29054.0,28971.0,28510.0,12650.0,29068.0,187952.0
15365,6833.0,6754.0,6850.0,6805.0,6781.0,10849.0,11143.0,26986.0,27300.0,27315.0,11759.0,27287.0,176662.0
15369,7433.0,7392.0,7356.0,7283.0,7360.0,11744.0,11901.0,29054.0,29416.0,29179.0,12650.0,29068.0,189836.0
15370,7085.0,6965.0,6888.0,6964.0,6842.0,10807.0,11198.0,27231.0,27576.0,27251.0,11907.0,27302.0,178016.0
15371,7075.0,7058.0,7221.0,7039.0,7259.0,10986.0,11336.0,28227.0,29441.0,28109.0,13042.0,28087.0,184880.0
15382,6741.0,6593.0,6728.0,6729.0,6699.0,10776.0,11141.0,26902.0,27282.0,27006.0,11726.0,27080.0,175403.0
15383,6777.0,6593.0,6693.0,6672.0,6707.0,10750.0,11141.0,26902.0,27282.0,27001.0,11726.0,27080.0,175324.0
15385,6785.0,6593.0,6693.0,6679.0,6685.0,10750.0,11141.0,26902.0,27233.0,27001.0,11676.0,27080.0,175218.0
15386,6785.0,6593.0,6693.0,6736.0,6685.0,10776.0,11141.0,26902.0,27248.0,27006.0,11676.0,27080.0,175321.0
15387,6718.0,6561.0,6760.0,6636.0,6758.0,10750.0,11141.0,26902.0,27233.0,27001.0,11837.0,27080.0,175377.0
15388,6718.0,6561.0,6760.0,6755.0,6758.0,10750.0,11141.0,26902.0,27233.0,27001.0,11676.0,27080.0,175335.0
15409,7034.0,7013.0,7247.0,7020.0,7168.0,11501.0,11565.0,28855.0,29335.0,29219.0,12556.0,29187.0,187700.0
15420,6718.0,6561.0,6671.0,6636.0,6684.0,10750.0,11141.0,26902.0,27233.0,27001.0,11676.0,27080.0,175053.0
15432,7069.0,6848.0,6967.0,6870.0,7009.0,10838.0,11335.0,27251.0,27609.0,27372.0,12108.0,27629.0,178905.0
15434,6718.0,6561.0,6671.0,6636.0,6685.0,10750.0,11346.0,26902.0,27233.0,27001.0,11676.0,27080.0,175259.0
15437,6718.0,6561.0,6671.0,6636.0,6679.0,10746.0,11141.0,26902.0,27233.0,27001.0,11676.0,27080.0,175044.0
15478,6872.0,6645.0,6879.0,6659.0,6713.0,10771.0,11182.0,26963.0,27270.0,27094.0,11712.0,27131.0,175891.0
15482,6783.0,6616.0,6752.0,6694.0,6792.0,10800.0,11200.0,26906.0,27346.0,27077.0,11720.0,27233.0,175919.0
15484,6741.0,6667.0,6756.0,6805.0,6707.0,10788.0,11144.0,26962.0,27290.0,27001.0,11742.0,27168.0,175771.0
15534,6784.0,6635.0,6728.0,6636.0,6743.0,10808.0,11291.0,26924.0,27313.0,27085.0,11740.0,27080.0,175767.0
15536,6718.0,6585.0,6709.0,6636.0,6685.0,10750.0,11141.0,26902.0,27233.0,27001.0,11676.0,27080.0,175116.0
15537,6842.0,6605.0,6752.0,6731.0,6787.0,10872.0,11142.0,26913.0,27274.0,27163.0,11756.0,27138.0,175975.0
